Id,Label,indegree,outdegree,Degree,weighted indegree,weighted outdegree,Weighted Degree,Eccentricity,closnesscentrality,harmonicclosnesscentrality,betweenesscentrality,Authority,Hub,pageranks,modularity_class,clustering,eigencentrality
succulents,succulents,3,0,3,19,0,19,0,0,0,0,0.031353,0,0.001746,1,1,0.431924
spirituality,spirituality,4,0,4,41,0,41,0,0,0,0,0.046869,0,0.001746,2,1,0.579231
Anxiety,Anxiety,6,0,6,98,0,98,0,0,0,0,0.061348,0,0.00177,0,0.866667,0.821176
electronicmusic,electronicmusic,3,0,3,32,0,32,0,0,0,0,0.038889,0,0.001739,2,1,0.461095
psychology,psychology,2,0,2,12,0,12,0,0,0,0,0.026365,0,0.001735,0,1,0.313787
itookapicture,itookapicture,4,0,4,31,0,31,0,0,0,0,0.042164,0,0.00175,2,1,0.569047
kratom,kratom,7,0,7,232,0,232,0,0,0,0,0.066337,0,0.00178,0,0.809524,0.939312
drawing,drawing,6,0,6,48,0,48,0,0,0,0,0.063085,0,0.001761,2,0.933333,0.849169
woodworking,woodworking,2,0,2,11,0,11,0,0,0,0,0.018412,0,0.001742,1,1,0.269938
Atlanta,Atlanta,1,0,1,5,0,5,0,0,0,0,0.00798,0,0.001734,3,0,0.118136
Crystals,Crystals,3,0,3,16,0,16,0,0,0,0,0.038889,0,0.001739,2,1,0.461095
Supplements,Supplements,4,0,4,42,0,42,0,0,0,0,0.050117,0,0.001743,0,1,0.612897
HelpMeFind,HelpMeFind,2,0,2,15,0,15,0,0,0,0,0.025465,0,0.001735,2,1,0.309293
atheism,atheism,3,0,3,26,0,26,0,0,0,0,0.038889,0,0.001739,2,1,0.461095
WeightLossAdvice,WeightLossAdvice,2,0,2,12,0,12,0,0,0,0,0.024652,0,0.001736,0,1,0.303604
researchchemicals,researchchemicals,8,0,8,342,0,342,0,0,0,0,0.068292,0,0.001808,0,0.678571,1
Filmmakers,Filmmakers,3,0,3,16,0,16,0,0,0,0,0.027903,0,0.001762,2,0.666667,0.359798
playboicarti,playboicarti,5,0,5,43,0,43,0,0,0,0,0.058097,0,0.00175,3,1,0.731033
marvelstudios,marvelstudios,2,0,2,11,0,11,0,0,0,0,0.017929,0,0.001742,1,1,0.280122
sarmssourcetalk,sarmssourcetalk,4,0,4,26,0,26,0,0,0,0,0.045572,0,0.001746,3,1,0.583725
alcohol,alcohol,5,0,5,49,0,49,0,0,0,0,0.058097,0,0.00175,3,1,0.731033
somethingimade,somethingimade,1,0,1,5,0,5,0,0,0,0,0.012524,0,0.001731,2,0,0.147308
punk,punk,2,0,2,12,0,12,0,0,0,0,0.026365,0,0.001735,0,1,0.313787
Fitness,Fitness,6,0,6,54,0,54,0,0,0,0,0.063085,0,0.001761,3,0.933333,0.849169
AstralProjection,AstralProjection,3,0,3,28,0,28,0,0,0,0,0.038889,0,0.001739,2,1,0.461095
awakened,awakened,2,0,2,23,0,23,0,0,0,0,0.025465,0,0.001735,2,1,0.309293
JuiceWRLD,JuiceWRLD,2,0,2,17,0,17,0,0,0,0,0.024168,0,0.001736,0,1,0.313787
NatureIsFuckingLit,NatureIsFuckingLit,2,0,2,11,0,11,0,0,0,0,0.025465,0,0.001735,0,1,0.309293
magick,magick,1,0,1,5,0,5,0,0,0,0,0.012941,0,0.001731,0,0,0.161986
Nicotine,Nicotine,1,0,1,5,0,5,0,0,0,0,0.012524,0,0.001731,2,0,0.147308
rosin,rosin,3,0,3,36,0,36,0,0,0,0,0.02874,0,0.001747,1,1,0.417246
Tianeptine,Tianeptine,2,0,2,13,0,13,0,0,0,0,0.024168,0,0.001736,0,1,0.313787
MovieSuggestions,MovieSuggestions,2,0,2,11,0,11,0,0,0,0,0.020504,0,0.001738,2,1,0.265444
coins,coins,2,0,2,14,0,14,0,0,0,0,0.025465,0,0.001735,2,1,0.309293
Metal,Metal,3,0,3,18,0,18,0,0,0,0,0.036693,0,0.00174,0,1,0.461095
Plumbing,Plumbing,2,0,2,10,0,10,0,0,0,0,0.016216,0,0.001743,1,1,0.269938
piercing,piercing,5,0,5,51,0,51,0,0,0,0,0.058097,0,0.00175,0,1,0.731033
sex,sex,6,0,6,80,0,80,0,0,0,0,0.061348,0,0.00177,3,0.866667,0.821176
hiphop,hiphop,3,0,3,17,0,17,0,0,0,0,0.02742,0,0.001762,2,1,0.369981
EarthPorn,EarthPorn,3,0,3,20,0,20,0,0,0,0,0.038889,0,0.001739,2,1,0.461095
HomeworkHelp,HomeworkHelp,2,0,2,12,0,12,0,0,0,0,0.026365,0,0.001735,0,1,0.313787
bipolar2,bipolar2,1,0,1,6,0,6,0,0,0,0,0.011228,0,0.001732,0,0,0.151802
ptsd,ptsd,3,0,3,15,0,15,0,0,0,0,0.037176,0,0.001739,0,1,0.450911
antidepressants,antidepressants,2,0,2,19,0,19,0,0,0,0,0.023752,0,0.001736,0,1,0.299109
CoinBase,CoinBase,3,0,3,20,0,20,0,0,0,0,0.037592,0,0.001739,0,1,0.465589
treedibles,treedibles,6,0,6,77,0,77,0,0,0,0,0.063085,0,0.001761,1,0.933333,0.849169
audiophile,audiophile,5,0,5,38,0,38,0,0,0,0,0.058097,0,0.00175,3,1,0.731033
ToolBand,ToolBand,2,0,2,10,0,10,0,0,0,0,0.025948,0,0.001735,2,1,0.299109
Rainbow6,Rainbow6,4,0,4,25,0,25,0,0,0,0,0.043877,0,0.001749,0,1,0.579231
lexapro,lexapro,2,0,2,18,0,18,0,0,0,0,0.023752,0,0.001736,0,1,0.299109
xboxone,xboxone,5,0,5,38,0,38,0,0,0,0,0.047924,0,0.001766,0,0.8,0.669374
pokemon,pokemon,5,0,5,46,0,46,0,0,0,0,0.053368,0,0.001762,3,0.9,0.70304
AskDocs,AskDocs,7,0,7,160,0,160,0,0,0,0,0.066337,0,0.00178,0,0.809524,0.939312
mescaline,mescaline,2,0,2,19,0,19,0,0,0,0,0.025948,0,0.001735,2,1,0.299109
GrowingMarijuana,GrowingMarijuana,5,0,5,120,0,120,0,0,0,0,0.050144,0,0.001757,1,0.9,0.687184
FashionReps,FashionReps,5,0,5,47,0,47,0,0,0,0,0.050561,0,0.001757,3,0.9,0.701862
Unemployment,Unemployment,2,0,2,18,0,18,0,0,0,0,0.024168,0,0.001736,0,1,0.313787
Psychedelics,Psychedelics,6,394,400,137,4753,4890,2,0.763369,0.845009,682.990476,0.052516,0.462427,0.001785,2,0.00713,0.76255
DIY,DIY,3,0,3,21,0,21,0,0,0,0,0.038889,0,0.001739,2,1,0.461095
weed,weed,8,0,8,410,0,410,0,0,0,0,0.068292,0,0.001808,3,0.678571,1
benzodiazepines,benzodiazepines,6,328,334,364,4316,4680,3,0.698898,0.78634,392.088095,0.055109,0.41455,0.001776,0,0.009902,0.78751
playstation,playstation,4,0,4,34,0,34,0,0,0,0,0.050117,0,0.001743,0,1,0.612897
AskVet,AskVet,2,0,2,13,0,13,0,0,0,0,0.026365,0,0.001735,0,1,0.313787
csgo,csgo,3,0,3,22,0,22,0,0,0,0,0.037176,0,0.001739,3,1,0.450911
electricdaisycarnival,electricdaisycarnival,2,0,2,19,0,19,0,0,0,0,0.025948,0,0.001735,3,1,0.299109
XXXTENTACION,XXXTENTACION,3,0,3,19,0,19,0,0,0,0,0.037592,0,0.001739,0,1,0.465589
ShroomID,ShroomID,6,0,6,59,0,59,0,0,0,0,0.063085,0,0.001761,2,0.933333,0.849169
FL_Studio,FL_Studio,3,0,3,22,0,22,0,0,0,0,0.038889,0,0.001739,2,1,0.461095
xbox,xbox,3,0,3,22,0,22,0,0,0,0,0.037592,0,0.001739,0,1,0.465589
ObscureDrugs,ObscureDrugs,3,0,3,26,0,26,0,0,0,0,0.032148,0,0.001743,0,1,0.431924
movies,movies,5,0,5,51,0,51,0,0,0,0,0.058097,0,0.00175,0,1,0.731033
conspiracy,conspiracy,6,0,6,80,0,80,0,0,0,0,0.060052,0,0.001778,2,0.8,0.791721
techsupport,techsupport,7,0,7,141,0,141,0,0,0,0,0.066337,0,0.00178,3,0.809524,0.939312
investing,investing,4,0,4,30,0,30,0,0,0,0,0.050117,0,0.001743,2,1,0.612897
medical,medical,4,0,4,40,0,40,0,0,0,0,0.050117,0,0.001743,0,1,0.612897
COVID19,COVID19,1,0,1,6,0,6,0,0,0,0,0.001955,0,0.001755,2,0,0.060688
conspiracytheories,conspiracytheories,2,0,2,10,0,10,0,0,0,0,0.025465,0,0.001735,0,1,0.309293
headphones,headphones,3,0,3,33,0,33,0,0,0,0,0.037592,0,0.001739,0,1,0.465589
happy,happy,2,0,2,11,0,11,0,0,0,0,0.025948,0,0.001735,2,1,0.299109
writing,writing,2,0,2,14,0,14,0,0,0,0,0.025948,0,0.001735,3,1,0.299109
suggestmeabook,suggestmeabook,2,0,2,14,0,14,0,0,0,0,0.025948,0,0.001735,2,1,0.299109
ableton,ableton,2,0,2,14,0,14,0,0,0,0,0.025948,0,0.001735,2,1,0.299109
ketamine,ketamine,7,0,7,209,0,209,0,0,0,0,0.066337,0,0.00178,3,0.809524,0.939312
alcoholism,alcoholism,3,0,3,18,0,18,0,0,0,0,0.032148,0,0.001743,0,1,0.431924
saplings,saplings,3,0,3,15,0,15,0,0,0,0,0.038889,0,0.001739,2,1,0.461095
GHB_info,GHB_info,2,0,2,13,0,13,0,0,0,0,0.024168,0,0.001736,0,1,0.313787
offmychest,offmychest,5,0,5,66,0,66,0,0,0,0,0.058097,0,0.00175,3,1,0.731033
Android,Android,3,0,3,25,0,25,0,0,0,0,0.038889,0,0.001739,0,1,0.461095
MakeNewFriendsHere,MakeNewFriendsHere,2,0,2,11,0,11,0,0,0,0,0.024168,0,0.001736,0,1,0.313787
cats,cats,8,0,8,165,0,165,0,0,0,0,0.068292,0,0.001808,0,0.678571,1
lgbt,lgbt,6,0,6,37,0,37,0,0,0,0,0.060052,0,0.001778,2,0.8,0.791721
relationship_advice,relationship_advice,6,0,6,142,0,142,0,0,0,0,0.063085,0,0.001761,3,0.933333,0.849169
electronic_cigarette,electronic_cigarette,5,0,5,68,0,68,0,0,0,0,0.058097,0,0.00175,0,1,0.731033
aww,aww,8,0,8,173,0,173,0,0,0,0,0.068292,0,0.001808,3,0.678571,1
Opioid_RCs,Opioid_RCs,2,0,2,25,0,25,0,0,0,0,0.024168,0,0.001736,0,1,0.313787
PublicFreakout,PublicFreakout,2,0,2,11,0,11,0,0,0,0,0.025465,0,0.001735,2,1,0.309293
druggardening,druggardening,4,0,4,35,0,35,0,0,0,0,0.041681,0,0.00175,2,1,0.579231
AskReddit,AskReddit,8,0,8,636,0,636,0,0,0,0,0.068292,0,0.001808,3,0.678571,1
ufc,ufc,2,0,2,11,0,11,0,0,0,0,0.025948,0,0.001735,2,1,0.299109
selfharm,selfharm,2,0,2,15,0,15,0,0,0,0,0.019208,0,0.001739,0,1,0.269938
electricians,electricians,3,0,3,15,0,15,0,0,0,0,0.025909,0,0.001749,1,0.666667,0.398258
funny,funny,8,0,8,201,0,201,0,0,0,0,0.068292,0,0.001808,3,0.678571,1
PS4,PS4,5,0,5,52,0,52,0,0,0,0,0.058097,0,0.00175,0,1,0.731033
tattoos,tattoos,5,0,5,44,0,44,0,0,0,0,0.058097,0,0.00175,3,1,0.731033
UnsentLetters,UnsentLetters,2,0,2,10,0,10,0,0,0,0,0.024168,0,0.001736,0,1,0.313787
COVID19positive,COVID19positive,2,0,2,10,0,10,0,0,0,0,0.024652,0,0.001736,0,1,0.303604
Physics,Physics,3,0,3,19,0,19,0,0,0,0,0.038889,0,0.001739,2,1,0.461095
cbdinfo,cbdinfo,1,0,1,5,0,5,0,0,0,0,0.001955,0,0.001755,2,0,0.060688
phenibut,phenibut,5,0,5,62,0,62,0,0,0,0,0.048824,0,0.001766,0,0.9,0.673868
hiphopheads,hiphopheads,7,0,7,81,0,81,0,0,0,0,0.06504,0,0.001788,0,0.761905,0.909857
destiny2,destiny2,2,0,2,12,0,12,0,0,0,0,0.026365,0,0.001735,0,1,0.313787
australia,australia,2,0,2,19,0,19,0,0,0,0,0.025948,0,0.001735,3,1,0.299109
ChronicPain,ChronicPain,2,0,2,26,0,26,0,0,0,0,0.024168,0,0.001736,0,1,0.313787
politics,politics,3,0,3,25,0,25,0,0,0,0,0.02742,0,0.001762,2,1,0.369981
benzorecovery,benzorecovery,4,0,4,81,0,81,0,0,0,0,0.045572,0,0.001746,0,1,0.583725
Piracy,Piracy,4,0,4,22,0,22,0,0,0,0,0.045572,0,0.001746,3,1,0.583725
antiwork,antiwork,5,0,5,38,0,38,0,0,0,0,0.058097,0,0.00175,2,1,0.731033
drunk,drunk,4,0,4,38,0,38,0,0,0,0,0.045572,0,0.001746,3,1,0.583725
Dynavap,Dynavap,3,0,3,23,0,23,0,0,0,0,0.02874,0,0.001747,1,1,0.417246
1P_LSD,1P_LSD,3,0,3,24,0,24,0,0,0,0,0.037176,0,0.001739,2,1,0.450911
youtube,youtube,6,0,6,55,0,55,0,0,0,0,0.060052,0,0.001778,0,0.8,0.791721
ireland,ireland,2,0,2,13,0,13,0,0,0,0,0.026365,0,0.001735,3,1,0.313787
Techno,Techno,2,0,2,24,0,24,0,0,0,0,0.025948,0,0.001735,3,1,0.299109
dxm,dxm,6,0,6,183,0,183,0,0,0,0,0.061348,0,0.00177,0,0.866667,0.821176
malefashionadvice,malefashionadvice,2,0,2,15,0,15,0,0,0,0,0.024652,0,0.001736,3,1,0.303604
self,self,2,0,2,12,0,12,0,0,0,0,0.019208,0,0.001739,0,1,0.269938
dissociatives,dissociatives,4,0,4,28,0,28,0,0,0,0,0.050117,0,0.001743,0,1,0.612897
Coronavirus,Coronavirus,4,0,4,27,0,27,0,0,0,0,0.038648,0,0.001767,2,0.833333,0.521783
USPS,USPS,2,0,2,11,0,11,0,0,0,0,0.024168,0,0.001736,0,1,0.313787
FellowKids,FellowKids,2,0,2,13,0,13,0,0,0,0,0.026365,0,0.001735,3,1,0.313787
Hair,Hair,4,0,4,25,0,25,0,0,0,0,0.050117,0,0.001743,0,1,0.612897
196,196,6,0,6,62,0,62,0,0,0,0,0.061348,0,0.00177,3,0.866667,0.821176
PoppyTea,PoppyTea,2,0,2,17,0,17,0,0,0,0,0.024168,0,0.001736,0,1,0.313787
PsilocybinTherapy,PsilocybinTherapy,1,0,1,6,0,6,0,0,0,0,0.012524,0,0.001731,2,0,0.147308
FreeCompliments,FreeCompliments,2,0,2,11,0,11,0,0,0,0,0.025465,0,0.001735,0,1,0.309293
Currentlytripping,Currentlytripping,2,0,2,26,0,26,0,0,0,0,0.025948,0,0.001735,2,1,0.299109
Eldenring,Eldenring,4,0,4,28,0,28,0,0,0,0,0.042164,0,0.00175,2,1,0.569047
DecidingToBeBetter,DecidingToBeBetter,3,0,3,21,0,21,0,0,0,0,0.038889,0,0.001739,2,1,0.461095
dadjokes,dadjokes,2,0,2,10,0,10,0,0,0,0,0.025948,0,0.001735,2,1,0.299109
copypasta,copypasta,5,0,5,32,0,32,0,0,0,0,0.050121,0,0.001765,3,0.8,0.669374
vaporents,vaporents,5,0,5,71,0,71,0,0,0,0,0.055105,0,0.001754,1,1,0.731033
Vaping,Vaping,6,0,6,80,0,80,0,0,0,0,0.063085,0,0.001761,0,0.933333,0.849169
deepweb,deepweb,2,0,2,13,0,13,0,0,0,0,0.026365,0,0.001735,0,1,0.313787
BPD,BPD,4,0,4,41,0,41,0,0,0,0,0.045572,0,0.001746,3,1,0.583725
Parenting,Parenting,2,0,2,15,0,15,0,0,0,0,0.025465,0,0.001735,0,1,0.309293
AbstractArt,AbstractArt,1,0,1,5,0,5,0,0,0,0,0.012524,0,0.001731,2,0,0.147308
Art,Art,5,0,5,76,0,76,0,0,0,0,0.058097,0,0.00175,2,1,0.731033
CODZombies,CODZombies,2,0,2,14,0,14,0,0,0,0,0.023752,0,0.001736,2,1,0.299109
ADHD,ADHD,7,0,7,137,0,137,0,0,0,0,0.066337,0,0.00178,0,0.809524,0.939312
DMT,DMT,7,0,7,271,0,271,0,0,0,0,0.06504,0,0.001788,2,0.761905,0.909857
juul,juul,4,0,4,27,0,27,0,0,0,0,0.050117,0,0.001743,0,1,0.612897
drugscirclejerk,drugscirclejerk,6,0,6,125,0,125,0,0,0,0,0.061348,0,0.00177,3,0.866667,0.821176
raisedbynarcissists,raisedbynarcissists,4,0,4,26,0,26,0,0,0,0,0.045572,0,0.001746,3,1,0.583725
microdosing,microdosing,6,0,6,97,0,97,0,0,0,0,0.063085,0,0.001761,2,0.933333,0.849169
iphone,iphone,4,0,4,45,0,45,0,0,0,0,0.050117,0,0.001743,0,1,0.612897
Psychonaut,Psychonaut,8,0,8,275,0,275,0,0,0,0,0.068292,0,0.001808,2,0.678571,1
stopsmoking,stopsmoking,4,0,4,28,0,28,0,0,0,0,0.050117,0,0.001743,0,1,0.612897
stimuluscheck,stimuluscheck,1,0,1,6,0,6,0,0,0,0,0.012941,0,0.001731,0,0,0.161986
quittingkratom,quittingkratom,4,0,4,55,0,55,0,0,0,0,0.050117,0,0.001743,0,1,0.612897
cringe,cringe,3,0,3,19,0,19,0,0,0,0,0.036693,0,0.00174,0,1,0.461095
Ayahuasca,Ayahuasca,2,0,2,28,0,28,0,0,0,0,0.025948,0,0.001735,2,1,0.299109
Benzedrex,Benzedrex,2,0,2,14,0,14,0,0,0,0,0.024168,0,0.001736,0,1,0.313787
trap,trap,2,0,2,10,0,10,0,0,0,0,0.025948,0,0.001735,2,1,0.299109
mac,mac,2,0,2,11,0,11,0,0,0,0,0.024652,0,0.001736,0,1,0.303604
gameofthrones,gameofthrones,2,0,2,11,0,11,0,0,0,0,0.026365,0,0.001735,0,1,0.313787
heroin,heroin,4,0,4,147,0,147,0,0,0,0,0.045572,0,0.001746,0,1,0.583725
audioengineering,audioengineering,2,0,2,15,0,15,0,0,0,0,0.025948,0,0.001735,3,1,0.299109
trees,trees,8,0,8,486,0,486,0,0,0,0,0.068292,0,0.001808,3,0.678571,1
homebrewlean,homebrewlean,2,0,2,14,0,14,0,0,0,0,0.024168,0,0.001736,0,1,0.313787
gaming,gaming,8,0,8,143,0,143,0,0,0,0,0.068292,0,0.001808,3,0.678571,1
weedgrower,weedgrower,1,0,1,10,0,10,0,0,0,0,0.004988,0,0.001738,1,0,0.118136
replications,replications,2,0,2,18,0,18,0,0,0,0,0.025948,0,0.001735,2,1,0.299109
GME,GME,2,0,2,15,0,15,0,0,0,0,0.025948,0,0.001735,3,1,0.299109
KratomKorner,KratomKorner,2,0,2,16,0,16,0,0,0,0,0.024168,0,0.001736,0,1,0.313787
nba,nba,3,0,3,19,0,19,0,0,0,0,0.038889,0,0.001739,0,1,0.461095
woahdude,woahdude,3,0,3,35,0,35,0,0,0,0,0.038889,0,0.001739,2,1,0.461095
cocaine,cocaine,4,211,215,229,2447,2676,3,0.610043,0.683304,77.983333,0.050117,0.294636,0.001743,3,0.015301,0.612897
soccer,soccer,2,0,2,11,0,11,0,0,0,0,0.026365,0,0.001735,0,1,0.313787
paypal,paypal,2,0,2,13,0,13,0,0,0,0,0.024652,0,0.001736,0,1,0.303604
news,news,5,0,5,43,0,43,0,0,0,0,0.040389,0,0.00178,2,0.7,0.606254
Layer,Layer,2,0,2,13,0,13,0,0,0,0,0.024652,0,0.001736,0,1,0.303604
dontputyourdickinthat,dontputyourdickinthat,2,0,2,14,0,14,0,0,0,0,0.020504,0,0.001738,2,1,0.265444
cannabiscultivation,cannabiscultivation,6,0,6,161,0,161,0,0,0,0,0.05706,0,0.001781,1,0.8,0.791721
explainlikeimfive,explainlikeimfive,6,0,6,111,0,111,0,0,0,0,0.063085,0,0.001761,3,0.933333,0.849169
psychedelicrock,psychedelicrock,3,0,3,28,0,28,0,0,0,0,0.033928,0,0.001742,2,1,0.417246
Monero,Monero,5,0,5,37,0,37,0,0,0,0,0.058097,0,0.00175,3,1,0.731033
mildlyinfuriating,mildlyinfuriating,6,0,6,74,0,74,0,0,0,0,0.055109,0,0.001776,3,0.733333,0.78751
Glitch_in_the_Matrix,Glitch_in_the_Matrix,2,0,2,10,0,10,0,0,0,0,0.026365,0,0.001735,0,1,0.313787
meme,meme,3,0,3,16,0,16,0,0,0,0,0.0292,0,0.001754,3,0.666667,0.389252
whatsthisrock,whatsthisrock,2,0,2,10,0,10,0,0,0,0,0.025948,0,0.001735,2,1,0.299109
LilPeep,LilPeep,3,0,3,24,0,24,0,0,0,0,0.037592,0,0.001739,0,1,0.465589
pcmasterrace,pcmasterrace,7,0,7,99,0,99,0,0,0,0,0.066337,0,0.00178,3,0.809524,0.939312
Jokes,Jokes,6,0,6,50,0,50,0,0,0,0,0.063085,0,0.001761,0,0.933333,0.849169
cursedimages,cursedimages,3,0,3,19,0,19,0,0,0,0,0.0292,0,0.001754,3,0.666667,0.389252
relationships,relationships,5,0,5,72,0,72,0,0,0,0,0.058097,0,0.00175,3,1,0.731033
meth,meth,5,0,5,97,0,97,0,0,0,0,0.058097,0,0.00175,3,1,0.731033
modafinil,modafinil,3,0,3,15,0,15,0,0,0,0,0.037592,0,0.001739,0,1,0.465589
translator,translator,3,0,3,18,0,18,0,0,0,0,0.038889,0,0.001739,0,1,0.461095
TherapeuticKetamine,TherapeuticKetamine,2,0,2,10,0,10,0,0,0,0,0.023752,0,0.001736,0,1,0.299109
Cigarettes,Cigarettes,4,0,4,54,0,54,0,0,0,0,0.045572,0,0.001746,0,1,0.583725
Petioles,Petioles,2,0,2,11,0,11,0,0,0,0,0.023752,0,0.001736,2,1,0.299109
darksouls3,darksouls3,2,0,2,14,0,14,0,0,0,0,0.025948,0,0.001735,2,1,0.299109
Unexpected,Unexpected,2,0,2,12,0,12,0,0,0,0,0.025948,0,0.001735,2,1,0.299109
mushroomID,mushroomID,2,0,2,11,0,11,0,0,0,0,0.017513,0,0.001742,2,1,0.265444
sadboys,sadboys,3,0,3,21,0,21,0,0,0,0,0.032632,0,0.001743,3,1,0.42174
dontdeadopeninside,dontdeadopeninside,2,0,2,11,0,11,0,0,0,0,0.025948,0,0.001735,2,1,0.299109
NoFap,NoFap,5,0,5,68,0,68,0,0,0,0,0.058097,0,0.00175,3,1,0.731033
HomeImprovement,HomeImprovement,3,0,3,18,0,18,0,0,0,0,0.037176,0,0.001739,0,1,0.450911
Mushrooms,Mushrooms,4,0,4,37,0,37,0,0,0,0,0.050117,0,0.001743,2,1,0.612897
aves,aves,4,0,4,61,0,61,0,0,0,0,0.046869,0,0.001746,3,1,0.579231
jailbreak,jailbreak,3,0,3,19,0,19,0,0,0,0,0.038889,0,0.001739,0,1,0.461095
makinghiphop,makinghiphop,4,0,4,22,0,22,0,0,0,0,0.050117,0,0.001743,0,1,0.612897
speed,speed,4,0,4,45,0,45,0,0,0,0,0.045572,0,0.001746,3,1,0.583725
trashy,trashy,3,0,3,27,0,27,0,0,0,0,0.038889,0,0.001739,0,1,0.461095
Superstonk,Superstonk,2,0,2,16,0,16,0,0,0,0,0.018412,0,0.001742,1,1,0.269938
Advice,Advice,7,0,7,166,0,166,0,0,0,0,0.066337,0,0.00178,3,0.809524,0.939312
pagan,pagan,1,0,1,5,0,5,0,0,0,0,0.012524,0,0.001731,2,0,0.147308
ambien,ambien,3,77,80,38,651,689,3,0.520036,0.557793,8.116667,0.037592,0.120059,0.001739,3,0.035373,0.465589
CODWarzone,CODWarzone,3,0,3,17,0,17,0,0,0,0,0.030453,0,0.001746,1,1,0.427429
herbalism,herbalism,2,0,2,11,0,11,0,0,0,0,0.025465,0,0.001735,2,1,0.309293
SkincareAddiction,SkincareAddiction,6,0,6,55,0,55,0,0,0,0,0.063085,0,0.001761,3,0.933333,0.849169
iamverysmart,iamverysmart,2,0,2,13,0,13,0,0,0,0,0.026365,0,0.001735,0,1,0.313787
philosophy,philosophy,3,0,3,27,0,27,0,0,0,0,0.038889,0,0.001739,2,1,0.461095
marijuanaenthusiasts,marijuanaenthusiasts,3,0,3,23,0,23,0,0,0,0,0.019468,0,0.001769,2,0.666667,0.326132
pillsporn,pillsporn,3,0,3,44,0,44,0,0,0,0,0.032148,0,0.001743,0,1,0.431924
bodybuilding,bodybuilding,4,0,4,27,0,27,0,0,0,0,0.045572,0,0.001746,3,1,0.583725
AskWomen,AskWomen,4,0,4,30,0,30,0,0,0,0,0.046869,0,0.001746,3,1,0.579231
quittingphenibut,quittingphenibut,2,0,2,13,0,13,0,0,0,0,0.024168,0,0.001736,0,1,0.313787
2cb,2cb,5,0,5,107,0,107,0,0,0,0,0.058097,0,0.00175,3,1,0.731033
AdviceAnimals,AdviceAnimals,2,0,2,12,0,12,0,0,0,0,0.026365,0,0.001735,0,1,0.313787
Instagram,Instagram,2,0,2,11,0,11,0,0,0,0,0.025948,0,0.001735,2,1,0.299109
Buddhism,Buddhism,4,0,4,30,0,30,0,0,0,0,0.046869,0,0.001746,2,1,0.579231
afinil,afinil,2,0,2,11,0,11,0,0,0,0,0.024652,0,0.001736,0,1,0.303604
apple,apple,4,0,4,36,0,36,0,0,0,0,0.045572,0,0.001746,0,1,0.583725
WTF,WTF,6,0,6,64,0,64,0,0,0,0,0.063085,0,0.001761,3,0.933333,0.849169
askscience,askscience,7,0,7,137,0,137,0,0,0,0,0.066337,0,0.00178,0,0.809524,0.939312
StarWars,StarWars,2,0,2,10,0,10,0,0,0,0,0.021404,0,0.001738,3,1,0.269938
niceguys,niceguys,2,0,2,10,0,10,0,0,0,0,0.016192,0,0.00175,0,1,0.252128
legaladvice,legaladvice,7,0,7,172,0,172,0,0,0,0,0.066337,0,0.00178,0,0.809524,0.939312
Ibogaine,Ibogaine,1,0,1,5,0,5,0,0,0,0,0.012941,0,0.001731,0,0,0.161986
Amd,Amd,2,0,2,13,0,13,0,0,0,0,0.026365,0,0.001735,0,1,0.313787
ResearchChemicalsNL,ResearchChemicalsNL,2,0,2,12,0,12,0,0,0,0,0.024168,0,0.001736,0,1,0.313787
lawofattraction,lawofattraction,3,0,3,21,0,21,0,0,0,0,0.038889,0,0.001739,2,1,0.461095
me_irl,me_irl,4,0,4,35,0,35,0,0,0,0,0.042141,0,0.001758,3,0.833333,0.551238
gratefuldead,gratefuldead,3,0,3,23,0,23,0,0,0,0,0.036693,0,0.00174,2,1,0.461095
borrow,borrow,3,0,3,39,0,39,0,0,0,0,0.032148,0,0.001743,0,1,0.431924
NintendoSwitch,NintendoSwitch,4,0,4,32,0,32,0,0,0,0,0.042164,0,0.00175,0,1,0.569047
EDM,EDM,2,0,2,33,0,33,0,0,0,0,0.025948,0,0.001735,3,1,0.299109
Guitar,Guitar,5,0,5,48,0,48,0,0,0,0,0.058097,0,0.00175,2,1,0.731033
PsychedelicTherapy,PsychedelicTherapy,2,0,2,13,0,13,0,0,0,0,0.025948,0,0.001735,2,1,0.299109
Showerthoughts,Showerthoughts,8,0,8,222,0,222,0,0,0,0,0.068292,0,0.001808,3,0.678571,1
stopdrinking,stopdrinking,4,0,4,31,0,31,0,0,0,0,0.037137,0,0.001754,0,0.833333,0.55006
fakecartridges,fakecartridges,5,0,5,39,0,39,0,0,0,0,0.050561,0,0.001757,3,0.9,0.701862
Nootropics,Nootropics,6,0,6,99,0,99,0,0,0,0,0.061348,0,0.00177,0,0.866667,0.821176
autism,autism,2,0,2,11,0,11,0,0,0,0,0.025948,0,0.001735,2,1,0.299109
ThatsInsane,ThatsInsane,1,0,1,5,0,5,0,0,0,0,0.012524,0,0.001731,2,0,0.147308
Tinder,Tinder,6,0,6,57,0,57,0,0,0,0,0.063085,0,0.001761,3,0.933333,0.849169
liluzivert,liluzivert,3,0,3,20,0,20,0,0,0,0,0.033928,0,0.001742,3,1,0.417246
Twitch,Twitch,2,0,2,11,0,11,0,0,0,0,0.017513,0,0.001742,2,1,0.265444
darknet,darknet,6,0,6,135,0,135,0,0,0,0,0.063085,0,0.001761,0,0.933333,0.849169
gabagoodness,gabagoodness,4,0,4,62,0,62,0,0,0,0,0.045572,0,0.001746,0,1,0.583725
insomnia,insomnia,6,0,6,59,0,59,0,0,0,0,0.061348,0,0.00177,0,0.866667,0.821176
CBD,CBD,6,0,6,76,0,76,0,0,0,0,0.05706,0,0.001781,0,0.8,0.791721
DunderMifflin,DunderMifflin,5,0,5,37,0,37,0,0,0,0,0.053368,0,0.001762,2,0.9,0.70304
trance,trance,2,0,2,11,0,11,0,0,0,0,0.025948,0,0.001735,2,1,0.299109
LifeProTips,LifeProTips,4,0,4,36,0,36,0,0,0,0,0.046869,0,0.001746,0,1,0.579231
spiritual,spiritual,1,0,1,5,0,5,0,0,0,0,0.012524,0,0.001731,2,0,0.147308
Cooking,Cooking,4,0,4,26,0,26,0,0,0,0,0.050117,0,0.001743,0,1,0.612897
SpotifyPlaylists,SpotifyPlaylists,1,0,1,5,0,5,0,0,0,0,0.012524,0,0.001731,2,0,0.147308
whatsthisplant,whatsthisplant,5,0,5,47,0,47,0,0,0,0,0.055105,0,0.001754,1,1,0.731033
AndroidQuestions,AndroidQuestions,2,0,2,18,0,18,0,0,0,0,0.026365,0,0.001735,0,1,0.313787
gardening,gardening,3,0,3,51,0,51,0,0,0,0,0.030453,0,0.001746,1,1,0.427429
hardwareswap,hardwareswap,2,0,2,11,0,11,0,0,0,0,0.026365,0,0.001735,0,1,0.313787
ReagentTesting,ReagentTesting,5,0,5,78,0,78,0,0,0,0,0.058097,0,0.00175,3,1,0.731033
adderall,adderall,6,0,6,117,0,117,0,0,0,0,0.061348,0,0.00177,0,0.866667,0.821176
sporetraders,sporetraders,3,0,3,22,0,22,0,0,0,0,0.037176,0,0.001739,2,1,0.450911
medical_advice,medical_advice,6,0,6,55,0,55,0,0,0,0,0.061348,0,0.00177,3,0.866667,0.821176
BecomingTheIceman,BecomingTheIceman,1,0,1,6,0,6,0,0,0,0,0.012524,0,0.001731,2,0,0.147308
opiates,opiates,7,394,401,317,5210,5527,2,0.763369,0.845009,794.02381,0.055351,0.477799,0.001804,0,0.007898,0.838014
im14andthisisdeep,im14andthisisdeep,2,0,2,10,0,10,0,0,0,0,0.026365,0,0.001735,0,1,0.313787
guitarpedals,guitarpedals,2,0,2,12,0,12,0,0,0,0,0.023752,0,0.001736,2,1,0.299109
delta8,delta8,6,0,6,43,0,43,0,0,0,0,0.063085,0,0.001761,0,0.933333,0.849169
mildlyinteresting,mildlyinteresting,8,0,8,134,0,134,0,0,0,0,0.068292,0,0.001808,3,0.678571,1
Eminem,Eminem,2,0,2,11,0,11,0,0,0,0,0.025948,0,0.001735,2,1,0.299109
guns,guns,3,0,3,20,0,20,0,0,0,0,0.031732,0,0.001743,0,1,0.417246
assholedesign,assholedesign,2,0,2,11,0,11,0,0,0,0,0.025948,0,0.001735,2,1,0.299109
facebook,facebook,2,0,2,10,0,10,0,0,0,0,0.024168,0,0.001736,0,1,0.313787
NitrousOxide,NitrousOxide,3,0,3,15,0,15,0,0,0,0,0.037592,0,0.001739,0,1,0.465589
jobs,jobs,4,0,4,40,0,40,0,0,0,0,0.050117,0,0.001743,0,1,0.612897
UnethicalLifeProTips,UnethicalLifeProTips,2,0,2,11,0,11,0,0,0,0,0.026365,0,0.001735,0,1,0.313787
bipolar,bipolar,6,0,6,63,0,63,0,0,0,0,0.061348,0,0.00177,0,0.866667,0.821176
discordapp,discordapp,3,0,3,18,0,18,0,0,0,0,0.037592,0,0.001739,0,1,0.465589
pharmacy,pharmacy,4,0,4,29,0,29,0,0,0,0,0.038648,0,0.001767,0,0.833333,0.521783
shroomers,shroomers,5,0,5,51,0,51,0,0,0,0,0.055105,0,0.001754,2,1,0.731033
dogecoin,dogecoin,5,0,5,43,0,43,0,0,0,0,0.050144,0,0.001757,1,0.9,0.687184
microgrowery,microgrowery,6,0,6,276,0,276,0,0,0,0,0.063085,0,0.001761,1,0.933333,0.849169
Marijuana,Marijuana,6,0,6,93,0,93,0,0,0,0,0.060052,0,0.001778,2,0.8,0.791721
sleep,sleep,3,0,3,23,0,23,0,0,0,0,0.037176,0,0.001739,2,1,0.450911
unpopularopinion,unpopularopinion,7,0,7,117,0,117,0,0,0,0,0.066337,0,0.00178,3,0.809524,0.939312
Aquariums,Aquariums,3,0,3,25,0,25,0,0,0,0,0.030453,0,0.001746,1,1,0.427429
ShittyLifeProTips,ShittyLifeProTips,2,0,2,11,0,11,0,0,0,0,0.025465,0,0.001735,0,1,0.309293
DrugNerds,DrugNerds,7,0,7,101,0,101,0,0,0,0,0.063304,0,0.001797,0,0.714286,0.881864
MrRobot,MrRobot,1,0,1,5,0,5,0,0,0,0,0.013424,0,0.001731,3,0,0.151802
dubstep,dubstep,2,0,2,13,0,13,0,0,0,0,0.025948,0,0.001735,2,1,0.299109
fantasyfootball,fantasyfootball,2,0,2,15,0,15,0,0,0,0,0.018412,0,0.001742,1,1,0.269938
PillPoppers,PillPoppers,2,0,2,20,0,20,0,0,0,0,0.019208,0,0.001739,0,1,0.269938
Paranormal,Paranormal,3,0,3,23,0,23,0,0,0,0,0.036693,0,0.00174,0,1,0.461095
AskMen,AskMen,4,0,4,39,0,39,0,0,0,0,0.046869,0,0.001746,3,1,0.579231
snapchat,snapchat,2,0,2,11,0,11,0,0,0,0,0.020921,0,0.001738,0,1,0.280122
amcstock,amcstock,2,0,2,11,0,11,0,0,0,0,0.012968,0,0.001745,1,0,0.236272
psilocybin,psilocybin,2,0,2,31,0,31,0,0,0,0,0.025948,0,0.001735,2,1,0.299109
OCPoetry,OCPoetry,3,0,3,16,0,16,0,0,0,0,0.036693,0,0.00174,0,1,0.461095
cannabis,cannabis,2,54,56,16,462,478,3,0.503084,0.533567,25.619048,0.025465,0.072187,0.001735,2,0.031447,0.309293
travel,travel,6,0,6,49,0,49,0,0,0,0,0.05706,0,0.001781,2,0.8,0.791721
dating_advice,dating_advice,3,0,3,30,0,30,0,0,0,0,0.038889,0,0.001739,3,1,0.461095
PsilocybinMushrooms,PsilocybinMushrooms,4,0,4,70,0,70,0,0,0,0,0.050117,0,0.001743,2,1,0.612897
tripreports,tripreports,4,0,4,27,0,27,0,0,0,0,0.050117,0,0.001743,2,1,0.612897
painting,painting,3,0,3,24,0,24,0,0,0,0,0.036693,0,0.00174,2,1,0.461095
drugcirclejerk,drugcirclejerk,3,0,3,19,0,19,0,0,0,0,0.037592,0,0.001739,0,1,0.465589
teenagers,teenagers,6,0,6,91,0,91,0,0,0,0,0.061348,0,0.00177,3,0.866667,0.821176
oilpen,oilpen,6,0,6,90,0,90,0,0,0,0,0.063085,0,0.001761,3,0.933333,0.849169
uktrees,uktrees,6,0,6,54,0,54,0,0,0,0,0.063085,0,0.001761,3,0.933333,0.849169
answers,answers,2,0,2,11,0,11,0,0,0,0,0.026365,0,0.001735,0,1,0.313787
drugtesthelp,drugtesthelp,5,0,5,58,0,58,0,0,0,0,0.048824,0,0.001766,0,0.9,0.673868
Methadone,Methadone,3,0,3,67,0,67,0,0,0,0,0.032148,0,0.001743,0,1,0.431924
wow,wow,4,0,4,26,0,26,0,0,0,0,0.050117,0,0.001743,0,1,0.612897
bodyweightfitness,bodyweightfitness,2,0,2,10,0,10,0,0,0,0,0.025948,0,0.001735,2,1,0.299109
learnprogramming,learnprogramming,2,0,2,10,0,10,0,0,0,0,0.025948,0,0.001735,2,1,0.299109
history,history,2,0,2,13,0,13,0,0,0,0,0.025948,0,0.001735,2,1,0.299109
indie_rock,indie_rock,1,0,1,6,0,6,0,0,0,0,0.012524,0,0.001731,2,0,0.147308
technology,technology,3,0,3,17,0,17,0,0,0,0,0.02832,0,0.001762,2,0.666667,0.374476
dogs,dogs,5,0,5,39,0,39,0,0,0,0,0.051857,0,0.001757,0,0.9,0.697367
unclebens,unclebens,3,0,3,35,0,35,0,0,0,0,0.030937,0,0.001746,2,1,0.417246
rant,rant,2,0,2,11,0,11,0,0,0,0,0.019208,0,0.001739,0,1,0.269938
suboxone,suboxone,5,0,5,131,0,131,0,0,0,0,0.048824,0,0.001766,0,0.9,0.673868
Peptides,Peptides,2,0,2,11,0,11,0,0,0,0,0.025465,0,0.001735,0,1,0.309293
oddlysatisfying,oddlysatisfying,4,0,4,34,0,34,0,0,0,0,0.043877,0,0.001749,1,1,0.579231
iamverybadass,iamverybadass,2,0,2,14,0,14,0,0,0,0,0.026365,0,0.001735,0,1,0.313787
thatHappened,thatHappened,3,0,3,22,0,22,0,0,0,0,0.037592,0,0.001739,0,1,0.465589
tipofmypenis,tipofmypenis,2,0,2,12,0,12,0,0,0,0,0.021404,0,0.001738,3,1,0.269938
SuggestALaptop,SuggestALaptop,2,0,2,14,0,14,0,0,0,0,0.025948,0,0.001735,3,1,0.299109
MadeMeSmile,MadeMeSmile,4,0,4,26,0,26,0,0,0,0,0.046869,0,0.001746,2,1,0.579231
rarepuppers,rarepuppers,2,0,2,13,0,13,0,0,0,0,0.018412,0,0.001742,1,1,0.269938
onions,onions,3,0,3,22,0,22,0,0,0,0,0.037592,0,0.001739,0,1,0.465589
TripCaves,TripCaves,2,0,2,12,0,12,0,0,0,0,0.025948,0,0.001735,2,1,0.299109
Naruto,Naruto,2,0,2,10,0,10,0,0,0,0,0.023752,0,0.001736,0,1,0.299109
pokemongo,pokemongo,5,0,5,37,0,37,0,0,0,0,0.050144,0,0.001757,3,0.9,0.687184
CannabisExtracts,CannabisExtracts,7,0,7,73,0,73,0,0,0,0,0.06504,0,0.001788,1,0.761905,0.909857
cracksmokers,cracksmokers,4,0,4,31,0,31,0,0,0,0,0.045572,0,0.001746,3,1,0.583725
cyberpunkgame,cyberpunkgame,2,0,2,13,0,13,0,0,0,0,0.025948,0,0.001735,2,1,0.299109
FortNiteBR,FortNiteBR,5,0,5,39,0,39,0,0,0,0,0.053368,0,0.001762,3,0.9,0.70304
musictheory,musictheory,2,0,2,10,0,10,0,0,0,0,0.024168,0,0.001736,0,1,0.313787
2007scape,2007scape,4,0,4,24,0,24,0,0,0,0,0.050117,0,0.001743,0,1,0.612897
lonely,lonely,2,0,2,11,0,11,0,0,0,0,0.026365,0,0.001735,0,1,0.313787
CrappyDesign,CrappyDesign,2,0,2,13,0,13,0,0,0,0,0.025948,0,0.001735,3,1,0.299109
Psychic,Psychic,3,0,3,20,0,20,0,0,0,0,0.038889,0,0.001739,2,1,0.461095
420,420,2,0,2,13,0,13,0,0,0,0,0.009935,0,0.001762,2,0,0.178824
astrology,astrology,2,0,2,10,0,10,0,0,0,0,0.025465,0,0.001735,0,1,0.309293
trippy,trippy,3,0,3,48,0,48,0,0,0,0,0.027903,0,0.001762,2,0.666667,0.359798
plantclinic,plantclinic,2,0,2,14,0,14,0,0,0,0,0.017513,0,0.001742,1,1,0.265444
AppleWatch,AppleWatch,2,0,2,10,0,10,0,0,0,0,0.012968,0,0.001745,1,0,0.236272
worldnews,worldnews,4,0,4,29,0,29,0,0,0,0,0.040844,0,0.001766,2,0.833333,0.521783
circlejerk,circlejerk,3,0,3,19,0,19,0,0,0,0,0.037592,0,0.001739,3,1,0.465589
Wellthatsucks,Wellthatsucks,2,0,2,12,0,12,0,0,0,0,0.017513,0,0.001742,1,1,0.265444
PsychedelicStudies,PsychedelicStudies,2,0,2,30,0,30,0,0,0,0,0.025948,0,0.001735,2,1,0.299109
Windows10,Windows10,2,0,2,10,0,10,0,0,0,0,0.025948,0,0.001735,2,1,0.299109
NBA2k,NBA2k,2,0,2,13,0,13,0,0,0,0,0.024652,0,0.001736,3,1,0.303604
yoga,yoga,2,0,2,16,0,16,0,0,0,0,0.025948,0,0.001735,2,1,0.299109
AskDrugNerds,AskDrugNerds,3,0,3,38,0,38,0,0,0,0,0.036693,0,0.00174,0,1,0.461095
mentalhealth,mentalhealth,6,0,6,75,0,75,0,0,0,0,0.061348,0,0.00177,0,0.866667,0.821176
highdeas,highdeas,4,0,4,28,0,28,0,0,0,0,0.046869,0,0.001746,2,1,0.579231
horror,horror,2,0,2,15,0,15,0,0,0,0,0.024168,0,0.001736,0,1,0.313787
space,space,2,0,2,10,0,10,0,0,0,0,0.025948,0,0.001735,2,1,0.299109
SuicideWatch,SuicideWatch,6,0,6,89,0,89,0,0,0,0,0.061348,0,0.00177,0,0.866667,0.821176
Minecraft,Minecraft,7,0,7,77,0,77,0,0,0,0,0.066337,0,0.00178,3,0.809524,0.939312
whatsthisbug,whatsthisbug,6,0,6,62,0,62,0,0,0,0,0.063085,0,0.001761,1,0.933333,0.849169
gofundme,gofundme,2,0,2,14,0,14,0,0,0,0,0.024168,0,0.001736,0,1,0.313787
JoeRogan,JoeRogan,6,0,6,43,0,43,0,0,0,0,0.05706,0,0.001781,2,0.8,0.791721
Overwatch,Overwatch,4,0,4,28,0,28,0,0,0,0,0.046869,0,0.001746,0,1,0.579231
intermittentfasting,intermittentfasting,4,0,4,21,0,21,0,0,0,0,0.050117,0,0.001743,0,1,0.612897
DPH,DPH,4,0,4,49,0,49,0,0,0,0,0.045572,0,0.001746,0,1,0.583725
RoastMe,RoastMe,4,0,4,24,0,24,0,0,0,0,0.045156,0,0.001746,3,1,0.569047
lofi,lofi,1,0,1,5,0,5,0,0,0,0,0.012524,0,0.001731,2,0,0.147308
wallstreetbets,wallstreetbets,8,0,8,119,0,119,0,0,0,0,0.068292,0,0.001808,2,0.678571,1
schizophrenia,schizophrenia,3,0,3,23,0,23,0,0,0,0,0.037176,0,0.001739,0,1,0.450911
leaves,leaves,6,0,6,63,0,63,0,0,0,0,0.060052,0,0.001778,0,0.8,0.791721
food,food,6,0,6,55,0,55,0,0,0,0,0.063085,0,0.001761,2,0.933333,0.849169
GetMotivated,GetMotivated,2,0,2,12,0,12,0,0,0,0,0.025465,0,0.001735,0,1,0.309293
TheeHive,TheeHive,2,0,2,14,0,14,0,0,0,0,0.024168,0,0.001736,0,1,0.313787
Psychedelic,Psychedelic,2,0,2,27,0,27,0,0,0,0,0.025948,0,0.001735,2,1,0.299109
codeine,codeine,2,0,2,27,0,27,0,0,0,0,0.024168,0,0.001736,0,1,0.313787
Entrepreneur,Entrepreneur,2,0,2,11,0,11,0,0,0,0,0.025948,0,0.001735,2,1,0.299109
Scams,Scams,4,0,4,26,0,26,0,0,0,0,0.045572,0,0.001746,3,1,0.583725
CatAdvice,CatAdvice,1,0,1,6,0,6,0,0,0,0,0.013424,0,0.001731,3,0,0.151802
Dabs,Dabs,6,0,6,66,0,66,0,0,0,0,0.063085,0,0.001761,1,0.933333,0.849169
Kava,Kava,3,0,3,23,0,23,0,0,0,0,0.036693,0,0.00174,0,1,0.461095
FreeKarma4U,FreeKarma4U,5,0,5,47,0,47,0,0,0,0,0.058097,0,0.00175,3,1,0.731033
G59,G59,3,0,3,23,0,23,0,0,0,0,0.032148,0,0.001743,0,1,0.431924
ihadastroke,ihadastroke,2,0,2,12,0,12,0,0,0,0,0.025948,0,0.001735,2,1,0.299109
leagueoflegends,leagueoflegends,5,0,5,59,0,59,0,0,0,0,0.055105,0,0.001754,0,1,0.731033
Cannabis_Culture,Cannabis_Culture,1,0,1,10,0,10,0,0,0,0,0.001955,0,0.001755,2,0,0.060688
AnimalCrossing,AnimalCrossing,2,0,2,10,0,10,0,0,0,0,0.024652,0,0.001736,0,1,0.303604
hash,hash,1,0,1,5,0,5,0,0,0,0,0.004988,0,0.001738,1,0,0.118136
Salvia,Salvia,3,0,3,42,0,42,0,0,0,0,0.037176,0,0.001739,2,1,0.450911
books,books,3,0,3,25,0,25,0,0,0,0,0.038889,0,0.001739,2,1,0.461095
Mindfulness,Mindfulness,2,0,2,12,0,12,0,0,0,0,0.025465,0,0.001735,2,1,0.309293
askpsychology,askpsychology,2,0,2,10,0,10,0,0,0,0,0.024168,0,0.001736,0,1,0.313787
pcgaming,pcgaming,5,0,5,30,0,30,0,0,0,0,0.055105,0,0.001754,2,1,0.731033
CasualUK,CasualUK,2,0,2,13,0,13,0,0,0,0,0.012968,0,0.001745,1,0,0.236272
tooktoomuch,tooktoomuch,3,0,3,17,0,17,0,0,0,0,0.037176,0,0.001739,0,1,0.450911
gonewild,gonewild,2,0,2,14,0,14,0,0,0,0,0.021404,0,0.001738,3,1,0.269938
rap,rap,6,0,6,52,0,52,0,0,0,0,0.060052,0,0.001778,2,0.8,0.791721
keto,keto,4,0,4,29,0,29,0,0,0,0,0.050117,0,0.001743,2,1,0.612897
computers,computers,4,0,4,31,0,31,0,0,0,0,0.045572,0,0.001746,0,1,0.583725
help,help,4,0,4,31,0,31,0,0,0,0,0.050117,0,0.001743,0,1,0.612897
vegan,vegan,5,0,5,38,0,38,0,0,0,0,0.055105,0,0.001754,2,1,0.731033
mdmatherapy,mdmatherapy,2,0,2,18,0,18,0,0,0,0,0.025948,0,0.001735,2,1,0.299109
AskAstrologers,AskAstrologers,2,0,2,10,0,10,0,0,0,0,0.025948,0,0.001735,2,1,0.299109
LSDTripLifeHacks,LSDTripLifeHacks,2,0,2,29,0,29,0,0,0,0,0.025948,0,0.001735,2,1,0.299109
golf,golf,2,0,2,11,0,11,0,0,0,0,0.012968,0,0.001745,1,0,0.236272
MacMiller,MacMiller,2,0,2,14,0,14,0,0,0,0,0.023752,0,0.001736,0,1,0.299109
modernwarfare,modernwarfare,5,0,5,42,0,42,0,0,0,0,0.051857,0,0.001757,3,0.9,0.697367
occult,occult,3,0,3,21,0,21,0,0,0,0,0.038889,0,0.001739,2,1,0.461095
MechanicAdvice,MechanicAdvice,5,0,5,47,0,47,0,0,0,0,0.055105,0,0.001754,1,1,0.731033
IllegalLifeProTips,IllegalLifeProTips,5,0,5,45,0,45,0,0,0,0,0.058097,0,0.00175,0,1,0.731033
stocks,stocks,3,0,3,23,0,23,0,0,0,0,0.02742,0,0.001762,2,1,0.369981
apexlegends,apexlegends,5,0,5,34,0,34,0,0,0,0,0.055105,0,0.001754,0,1,0.731033
NarcoticsAnonymous,NarcoticsAnonymous,2,0,2,14,0,14,0,0,0,0,0.020921,0,0.001738,0,1,0.280122
Vent,Vent,2,0,2,10,0,10,0,0,0,0,0.025465,0,0.001735,0,1,0.309293
tax,tax,2,0,2,12,0,12,0,0,0,0,0.024168,0,0.001736,0,1,0.313787
Health,Health,2,0,2,12,0,12,0,0,0,0,0.014896,0,0.001758,2,1,0.222674
findareddit,findareddit,2,0,2,16,0,16,0,0,0,0,0.025465,0,0.001735,0,1,0.309293
FoodPorn,FoodPorn,5,0,5,35,0,35,0,0,0,0,0.058097,0,0.00175,3,1,0.731033
selfhelp,selfhelp,2,0,2,10,0,10,0,0,0,0,0.025465,0,0.001735,0,1,0.309293
Drugtests,Drugtests,3,0,3,17,0,17,0,0,0,0,0.032148,0,0.001743,0,1,0.431924
gay,gay,2,0,2,10,0,10,0,0,0,0,0.026365,0,0.001735,0,1,0.313787
HydroHomies,HydroHomies,2,0,2,12,0,12,0,0,0,0,0.025948,0,0.001735,2,1,0.299109
Monitors,Monitors,3,0,3,17,0,17,0,0,0,0,0.037592,0,0.001739,0,1,0.465589
streetwear,streetwear,4,0,4,39,0,39,0,0,0,0,0.045572,0,0.001746,3,1,0.583725
Bitcoin,Bitcoin,7,0,7,94,0,94,0,0,0,0,0.06504,0,0.001788,0,0.761905,0.909857
Acid,Acid,5,0,5,106,0,106,0,0,0,0,0.058097,0,0.00175,2,1,0.731033
Dreams,Dreams,5,0,5,54,0,54,0,0,0,0,0.053368,0,0.001762,3,0.9,0.70304
dating,dating,2,0,2,12,0,12,0,0,0,0,0.021404,0,0.001738,3,1,0.269938
Testosterone,Testosterone,2,0,2,13,0,13,0,0,0,0,0.024168,0,0.001736,0,1,0.313787
synthesizers,synthesizers,2,0,2,15,0,15,0,0,0,0,0.025948,0,0.001735,2,1,0.299109
softwaregore,softwaregore,2,0,2,14,0,14,0,0,0,0,0.016676,0,0.00175,3,1,0.241944
gtaonline,gtaonline,4,0,4,25,0,25,0,0,0,0,0.050117,0,0.001743,0,1,0.612897
dankmemes,dankmemes,5,0,5,50,0,50,0,0,0,0,0.047129,0,0.001769,3,0.8,0.669374
science,science,3,0,3,16,0,16,0,0,0,0,0.027903,0,0.001762,2,0.666667,0.359798
CasualConversation,CasualConversation,4,0,4,28,0,28,0,0,0,0,0.045572,0,0.001746,3,1,0.583725
socialskills,socialskills,2,0,2,16,0,16,0,0,0,0,0.025948,0,0.001735,3,1,0.299109
ThisIsOurMusic,ThisIsOurMusic,2,0,2,17,0,17,0,0,0,0,0.025948,0,0.001735,2,1,0.299109
youngpeopleyoutube,youngpeopleyoutube,2,0,2,14,0,14,0,0,0,0,0.016676,0,0.00175,3,1,0.241944
spiders,spiders,5,0,5,31,0,31,0,0,0,0,0.055105,0,0.001754,1,1,0.731033
confession,confession,4,0,4,30,0,30,0,0,0,0,0.045572,0,0.001746,0,1,0.583725
musicproduction,musicproduction,4,0,4,34,0,34,0,0,0,0,0.050117,0,0.001743,2,1,0.612897
CashApp,CashApp,2,0,2,10,0,10,0,0,0,0,0.024168,0,0.001736,0,1,0.313787
MagicMushrooms,MagicMushrooms,3,0,3,40,0,40,0,0,0,0,0.037176,0,0.001739,2,1,0.450911
GlobalOffensive,GlobalOffensive,3,0,3,25,0,25,0,0,0,0,0.038889,0,0.001739,3,1,0.461095
indieheads,indieheads,2,0,2,15,0,15,0,0,0,0,0.025948,0,0.001735,2,1,0.299109
Stims,Stims,6,0,6,246,0,246,0,0,0,0,0.061348,0,0.00177,0,0.866667,0.821176
Watches,Watches,3,0,3,17,0,17,0,0,0,0,0.024656,0,0.001757,3,0.666667,0.360081
LSA,LSA,4,0,4,32,0,32,0,0,0,0,0.050117,0,0.001743,2,1,0.612897
westworld,westworld,1,0,1,5,0,5,0,0,0,0,0.012941,0,0.001731,0,0,0.161986
TameImpala,TameImpala,2,0,2,13,0,13,0,0,0,0,0.025948,0,0.001735,2,1,0.299109
Assistance,Assistance,3,0,3,20,0,20,0,0,0,0,0.032148,0,0.001743,0,1,0.431924
notinteresting,notinteresting,2,0,2,11,0,11,0,0,0,0,0.025948,0,0.001735,2,1,0.299109
TrueOffMyChest,TrueOffMyChest,6,0,6,43,0,43,0,0,0,0,0.063085,0,0.001761,0,0.933333,0.849169
interestingasfuck,interestingasfuck,4,0,4,39,0,39,0,0,0,0,0.038433,0,0.001753,2,0.833333,0.545566
shittyfoodporn,shittyfoodporn,5,0,5,30,0,30,0,0,0,0,0.047129,0,0.001769,0,0.8,0.669374
whatisthisthing,whatisthisthing,7,0,7,128,0,128,0,0,0,0,0.066337,0,0.00178,2,0.809524,0.939312
tattoo,tattoo,2,0,2,13,0,13,0,0,0,0,0.025465,0,0.001735,2,1,0.309293
booksuggestions,booksuggestions,2,0,2,13,0,13,0,0,0,0,0.025948,0,0.001735,2,1,0.299109
Ghosts,Ghosts,1,0,1,5,0,5,0,0,0,0,0.012941,0,0.001731,0,0,0.161986
AmItheAsshole,AmItheAsshole,7,0,7,72,0,72,0,0,0,0,0.066337,0,0.00178,3,0.809524,0.939312
pillhead,pillhead,6,0,6,187,0,187,0,0,0,0,0.061348,0,0.00177,0,0.866667,0.821176
southpark,southpark,2,0,2,13,0,13,0,0,0,0,0.024652,0,0.001736,0,1,0.303604
Psychosis,Psychosis,3,0,3,17,0,17,0,0,0,0,0.036693,0,0.00174,0,1,0.461095
Autoflowers,Autoflowers,4,137,141,22,1851,1873,3,0.565347,0.618506,71.940476,0.050117,0.184181,0.001743,1,0.022488,0.612897
socialanxiety,socialanxiety,4,0,4,34,0,34,0,0,0,0,0.050117,0,0.001743,2,1,0.612897
careerguidance,careerguidance,3,0,3,16,0,16,0,0,0,0,0.038889,0,0.001739,0,1,0.461095
Anxietyhelp,Anxietyhelp,3,0,3,21,0,21,0,0,0,0,0.036693,0,0.00174,0,1,0.461095
todayilearned,todayilearned,5,0,5,46,0,46,0,0,0,0,0.051857,0,0.001757,2,0.9,0.697367
blackopscoldwar,blackopscoldwar,2,0,2,11,0,11,0,0,0,0,0.025948,0,0.001735,2,1,0.299109
addiction,addiction,5,0,5,72,0,72,0,0,0,0,0.058097,0,0.00175,0,1,0.731033
Dentistry,Dentistry,4,0,4,25,0,25,0,0,0,0,0.045572,0,0.001746,3,1,0.583725
rupaulsdragrace,rupaulsdragrace,1,0,1,6,0,6,0,0,0,0,0.012941,0,0.001731,0,0,0.161986
HeadphoneAdvice,HeadphoneAdvice,3,0,3,16,0,16,0,0,0,0,0.037592,0,0.001739,0,1,0.465589
memes,memes,7,0,7,125,0,125,0,0,0,0,0.066337,0,0.00178,3,0.809524,0.939312
chemistry,chemistry,3,0,3,22,0,22,0,0,0,0,0.038889,0,0.001739,0,1,0.461095
fasting,fasting,2,0,2,14,0,14,0,0,0,0,0.020504,0,0.001738,2,1,0.265444
ask,ask,3,0,3,22,0,22,0,0,0,0,0.036693,0,0.00174,0,1,0.461095
fentanyl,fentanyl,4,0,4,69,0,69,0,0,0,0,0.045572,0,0.001746,0,1,0.583725
giftcardexchange,giftcardexchange,3,0,3,20,0,20,0,0,0,0,0.036693,0,0.00174,0,1,0.461095
MDMA,MDMA,6,415,421,243,5132,5375,3,0.782192,0.862522,601.238095,0.052913,0.495641,0.001777,3,0.007048,0.78751
guitars,guitars,2,0,2,15,0,15,0,0,0,0,0.023752,0,0.001736,2,1,0.299109
Christianity,Christianity,4,0,4,30,0,30,0,0,0,0,0.046869,0,0.001746,3,1,0.579231
RocketLeague,RocketLeague,4,0,4,36,0,36,0,0,0,0,0.038917,0,0.001753,3,0.833333,0.535382
lean,lean,5,0,5,170,0,170,0,0,0,0,0.058097,0,0.00175,0,1,0.731033
pregabalin,pregabalin,2,0,2,17,0,17,0,0,0,0,0.024168,0,0.001736,0,1,0.313787
depression,depression,6,0,6,178,0,178,0,0,0,0,0.061348,0,0.00177,3,0.866667,0.821176
askdrugs,askdrugs,6,0,6,117,0,117,0,0,0,0,0.061348,0,0.00177,0,0.866667,0.821176
cars,cars,4,0,4,34,0,34,0,0,0,0,0.046869,0,0.001746,3,1,0.579231
mycology,mycology,5,0,5,78,0,78,0,0,0,0,0.055105,0,0.001754,2,1,0.731033
OpiatesRecovery,OpiatesRecovery,4,0,4,126,0,126,0,0,0,0,0.045572,0,0.001746,0,1,0.583725
Kanye,Kanye,4,0,4,29,0,29,0,0,0,0,0.045572,0,0.001746,3,1,0.583725
TripSit,TripSit,4,0,4,40,0,40,0,0,0,0,0.050117,0,0.001743,2,1,0.612897
photography,photography,4,0,4,29,0,29,0,0,0,0,0.035883,0,0.001769,3,0.666667,0.477934
NoStupidQuestions,NoStupidQuestions,7,0,7,151,0,151,0,0,0,0,0.066337,0,0.00178,0,0.809524,0.939312
BreakUps,BreakUps,3,0,3,27,0,27,0,0,0,0,0.032632,0,0.001743,3,1,0.42174
ausents,ausents,2,0,2,18,0,18,0,0,0,0,0.018412,0,0.001742,1,1,0.269938
STD,STD,1,0,1,5,0,5,0,0,0,0,0.013424,0,0.001731,3,0,0.151802
Kratomm,Kratomm,2,0,2,12,0,12,0,0,0,0,0.024168,0,0.001736,0,1,0.313787
EscapefromTarkov,EscapefromTarkov,2,0,2,10,0,10,0,0,0,0,0.016216,0,0.001743,1,1,0.269938
CryptoCurrency,CryptoCurrency,7,0,7,88,0,88,0,0,0,0,0.06504,0,0.001788,2,0.761905,0.909857
Games,Games,2,0,2,11,0,11,0,0,0,0,0.025948,0,0.001735,2,1,0.299109
festivals,festivals,2,0,2,25,0,25,0,0,0,0,0.026365,0,0.001735,3,1,0.313787
tifu,tifu,5,0,5,47,0,47,0,0,0,0,0.058097,0,0.00175,0,1,0.731033
pressies,pressies,3,0,3,32,0,32,0,0,0,0,0.032148,0,0.001743,0,1,0.431924
ifyoulikeblank,ifyoulikeblank,2,0,2,18,0,18,0,0,0,0,0.020504,0,0.001738,2,1,0.265444
weedbiz,weedbiz,3,0,3,17,0,17,0,0,0,0,0.019468,0,0.001769,2,0.666667,0.326132
reddeadredemption,reddeadredemption,2,0,2,14,0,14,0,0,0,0,0.025948,0,0.001735,3,1,0.299109
AMA,AMA,6,0,6,53,0,53,0,0,0,0,0.061348,0,0.00177,3,0.866667,0.821176
personalfinance,personalfinance,7,0,7,113,0,113,0,0,0,0,0.066337,0,0.00178,3,0.809524,0.939312
LucidDreaming,LucidDreaming,3,0,3,33,0,33,0,0,0,0,0.038889,0,0.001739,2,1,0.461095
plants,plants,2,0,2,13,0,13,0,0,0,0,0.017513,0,0.001742,1,1,0.265444
WeAreTheMusicMakers,WeAreTheMusicMakers,5,0,5,48,0,48,0,0,0,0,0.058097,0,0.00175,2,1,0.731033
Coffee,Coffee,2,0,2,12,0,12,0,0,0,0,0.023752,0,0.001736,0,1,0.299109
anime,anime,4,0,4,30,0,30,0,0,0,0,0.050117,0,0.001743,0,1,0.612897
molly,molly,2,0,2,24,0,24,0,0,0,0,0.024652,0,0.001736,3,1,0.303604
tipofmytongue,tipofmytongue,7,0,7,118,0,118,0,0,0,0,0.066337,0,0.00178,3,0.809524,0.939312
pics,pics,8,0,8,171,0,171,0,0,0,0,0.068292,0,0.001808,0,0.678571,1
benzopiate,benzopiate,1,0,1,8,0,8,0,0,0,0,0.011228,0,0.001732,0,0,0.151802
tea,tea,3,0,3,17,0,17,0,0,0,0,0.036693,0,0.00174,0,1,0.461095
nfl,nfl,2,0,2,11,0,11,0,0,0,0,0.025465,0,0.001735,0,1,0.309293
MushroomGrowers,MushroomGrowers,6,0,6,70,0,70,0,0,0,0,0.063085,0,0.001761,2,0.933333,0.849169
DestinyTheGame,DestinyTheGame,3,0,3,19,0,19,0,0,0,0,0.038889,0,0.001739,3,1,0.461095
drugmemes,drugmemes,5,0,5,48,0,48,0,0,0,0,0.058097,0,0.00175,3,1,0.731033
ArtOfRolling,ArtOfRolling,3,0,3,25,0,25,0,0,0,0,0.031353,0,0.001746,1,1,0.431924
buildapc,buildapc,7,0,7,115,0,115,0,0,0,0,0.066337,0,0.00178,3,0.809524,0.939312
psychedelicartwork,psychedelicartwork,2,0,2,23,0,23,0,0,0,0,0.025948,0,0.001735,2,1,0.299109
Antipsychiatry,Antipsychiatry,2,0,2,11,0,11,0,0,0,0,0.024168,0,0.001736,0,1,0.313787
okbuddyretard,okbuddyretard,3,0,3,15,0,15,0,0,0,0,0.027903,0,0.001755,3,1,0.393746
StonerEngineering,StonerEngineering,4,0,4,30,0,30,0,0,0,0,0.043877,0,0.001749,1,1,0.579231
drugsarebeautiful,drugsarebeautiful,6,0,6,153,0,153,0,0,0,0,0.061348,0,0.00177,0,0.866667,0.821176
whatcarshouldIbuy,whatcarshouldIbuy,2,0,2,12,0,12,0,0,0,0,0.018412,0,0.001742,3,1,0.269938
videos,videos,8,0,8,100,0,100,0,0,0,0,0.068292,0,0.001808,2,0.678571,1
PanicAttack,PanicAttack,2,0,2,13,0,13,0,0,0,0,0.024168,0,0.001736,0,1,0.313787
Music,Music,7,0,7,148,0,148,0,0,0,0,0.06504,0,0.001788,2,0.761905,0.909857
QuittingTianeptine,QuittingTianeptine,1,0,1,5,0,5,0,0,0,0,0.011228,0,0.001732,0,0,0.151802
AskElectronics,AskElectronics,3,0,3,18,0,18,0,0,0,0,0.031353,0,0.001746,0,1,0.431924
cactus,cactus,3,0,3,15,0,15,0,0,0,0,0.02964,0,0.001746,1,1,0.42174
applehelp,applehelp,3,0,3,19,0,19,0,0,0,0,0.037176,0,0.001739,2,1,0.450911
TooAfraidToAsk,TooAfraidToAsk,4,0,4,38,0,38,0,0,0,0,0.050117,0,0.001743,2,1,0.612897
religion,religion,2,0,2,12,0,12,0,0,0,0,0.025465,0,0.001735,0,1,0.309293
mentalillness,mentalillness,2,0,2,14,0,14,0,0,0,0,0.024168,0,0.001736,0,1,0.313787
phoenix,phoenix,1,0,1,5,0,5,0,0,0,0,0.012941,0,0.001731,0,0,0.161986
HPPD,HPPD,3,0,3,27,0,27,0,0,0,0,0.037176,0,0.001739,2,1,0.450911
CallOfDuty,CallOfDuty,4,0,4,23,0,23,0,0,0,0,0.050117,0,0.001743,0,1,0.612897
spotify,spotify,4,0,4,29,0,29,0,0,0,0,0.046869,0,0.001746,3,1,0.579231
skyrim,skyrim,4,0,4,26,0,26,0,0,0,0,0.039944,0,0.001759,0,0.833333,0.551238
NameThatSong,NameThatSong,2,0,2,26,0,26,0,0,0,0,0.025948,0,0.001735,3,1,0.299109
StackAdvice,StackAdvice,3,0,3,27,0,27,0,0,0,0,0.037592,0,0.001739,0,1,0.465589
listentothis,listentothis,6,0,6,75,0,75,0,0,0,0,0.060052,0,0.001778,2,0.8,0.791721
sanpedrocactus,sanpedrocactus,4,0,4,36,0,36,0,0,0,0,0.042164,0,0.00175,2,1,0.569047
CircleofTrust,CircleofTrust,4,0,4,33,0,33,0,0,0,0,0.042581,0,0.00175,0,1,0.583725
RationalPsychonaut,RationalPsychonaut,3,0,3,38,0,38,0,0,0,0,0.038889,0,0.001739,2,1,0.461095
PewdiepieSubmissions,PewdiepieSubmissions,4,0,4,37,0,37,0,0,0,0,0.040428,0,0.001759,3,0.833333,0.541054
Sneakers,Sneakers,6,0,6,64,0,64,0,0,0,0,0.063085,0,0.001761,3,0.933333,0.849169
Meditation,Meditation,4,0,4,50,0,50,0,0,0,0,0.040844,0,0.001766,2,0.833333,0.521783
Repsneakers,Repsneakers,4,0,4,32,0,32,0,0,0,0,0.039333,0,0.001753,3,0.833333,0.55006
biology,biology,2,0,2,12,0,12,0,0,0,0,0.025465,0,0.001735,2,1,0.309293
