Id,Label,Degree,modularityclass,weighteddegree,modularity_class,eigencentrality,stat_inf_class,Eccentricity,closnesscentrality,harmonicclosnesscentrality,betweenesscentrality,pageranks
opiates,opiates,327,3,4785.0,0,1,1,2,0.82505,0.893976,23723.682321,0.099741
MDMA,MDMA,311,2,4402.0,1,0.975426,1,3,0.785985,0.871084,17963.418081,0.09076
Psychedelics,Psychedelics,291,0,3979.0,3,0.912167,1,3,0.765683,0.849398,17928.184113,0.084441
benzodiazepines,benzodiazepines,282,3,4026.0,0,0.89943,1,3,0.745063,0.836145,15114.395305,0.082123
cocaine,cocaine,198,3,2374.0,1,0.686487,0,3,0.628788,0.727309,6554.15735,0.046925
Autoflowers,Autoflowers,133,1,1974.0,2,0.464537,0,3,0.582048,0.653815,8231.909378,0.041925
ambien,ambien,80,2,668.0,1,0.318576,0,3,0.527319,0.581526,1967.848354,0.014107
cannabis,cannabis,60,0,507.0,3,0.200586,0,3,0.515528,0.558233,4139.530528,0.013798
cats,cats,8,3,165.0,0,0.146138,0,2,0.504866,0.509639,17.832321,0.003302
aww,aww,8,2,173.0,1,0.146138,0,2,0.504866,0.509639,17.832321,0.00345
AskReddit,AskReddit,8,3,636.0,1,0.146138,0,2,0.504866,0.509639,17.832321,0.011622
trees,trees,8,2,486.0,2,0.146138,0,2,0.504866,0.509639,17.832321,0.009133
Showerthoughts,Showerthoughts,8,0,222.0,3,0.146138,0,2,0.504866,0.509639,17.832321,0.004312
videos,videos,8,0,100.0,3,0.146138,0,2,0.504866,0.509639,17.832321,0.0022
researchchemicals,researchchemicals,8,3,342.0,0,0.146138,0,2,0.504866,0.509639,17.832321,0.006387
funny,funny,8,3,201.0,0,0.146138,0,2,0.504866,0.509639,17.832321,0.003938
Psychonaut,Psychonaut,8,0,275.0,3,0.146138,0,2,0.504866,0.509639,17.832321,0.005306
wallstreetbets,wallstreetbets,8,1,119.0,2,0.146138,0,2,0.504866,0.509639,17.832321,0.002508
weed,weed,8,3,410.0,3,0.146138,0,2,0.504866,0.509639,17.832321,0.00771
pics,pics,8,1,171.0,2,0.146138,0,2,0.504866,0.509639,17.832321,0.003449
gaming,gaming,8,3,143.0,1,0.146138,0,2,0.504866,0.509639,17.832321,0.002916
mildlyinteresting,mildlyinteresting,8,2,134.0,1,0.146138,0,2,0.504866,0.509639,17.832321,0.002762
legaladvice,legaladvice,7,3,172.0,0,0.140521,0,3,0.498798,0.504819,3.640662,0.003384
Minecraft,Minecraft,7,2,77.0,1,0.140521,0,3,0.498798,0.504819,3.640662,0.001724
whatisthisthing,whatisthisthing,7,0,128.0,3,0.140521,0,3,0.498798,0.504819,3.640662,0.002626
buildapc,buildapc,7,2,115.0,1,0.140521,0,3,0.498798,0.504819,3.640662,0.002389
tipofmytongue,tipofmytongue,7,2,118.0,1,0.140521,0,3,0.498798,0.504819,3.640662,0.002446
CannabisExtracts,CannabisExtracts,7,1,73.0,2,0.137661,0,3,0.502421,0.507229,12.011785,0.001713
CryptoCurrency,CryptoCurrency,7,0,88.0,3,0.137661,0,3,0.502421,0.507229,12.011785,0.001947
DrugNerds,DrugNerds,7,3,101.0,0,0.133664,0,3,0.494636,0.502008,8.859472,0.002179
NoStupidQuestions,NoStupidQuestions,7,3,151.0,0,0.140521,0,3,0.498798,0.504819,3.640662,0.003021
pcmasterrace,pcmasterrace,7,2,99.0,1,0.140521,0,3,0.498798,0.504819,3.640662,0.002104
AskDocs,AskDocs,7,3,160.0,0,0.140521,0,3,0.498798,0.504819,3.640662,0.003176
DMT,DMT,7,0,271.0,3,0.137661,0,3,0.502421,0.507229,12.011785,0.005183
kratom,kratom,7,3,232.0,0,0.140521,0,3,0.498798,0.504819,3.640662,0.00444
personalfinance,personalfinance,7,3,113.0,0,0.140521,0,3,0.498798,0.504819,3.640662,0.002351
AmItheAsshole,AmItheAsshole,7,2,72.0,1,0.140521,0,3,0.498798,0.504819,3.640662,0.00163
ADHD,ADHD,7,3,137.0,0,0.140521,0,3,0.498798,0.504819,3.640662,0.002775
Advice,Advice,7,2,166.0,1,0.140521,0,3,0.498798,0.504819,3.640662,0.003285
ketamine,ketamine,7,2,209.0,1,0.140521,0,3,0.498798,0.504819,3.640662,0.004016
techsupport,techsupport,7,2,141.0,1,0.140521,0,3,0.498798,0.504819,3.640662,0.00285
Music,Music,7,0,148.0,3,0.137661,0,3,0.502421,0.507229,12.011785,0.003043
unpopularopinion,unpopularopinion,7,2,117.0,1,0.140521,0,3,0.498798,0.504819,3.640662,0.002422
askscience,askscience,7,2,137.0,0,0.140521,0,3,0.498798,0.504819,3.640662,0.002787
Bitcoin,Bitcoin,7,3,94.0,0,0.137661,0,3,0.502421,0.507229,12.011785,0.002048
memes,memes,7,2,125.0,1,0.140521,0,3,0.498798,0.504819,3.640662,0.002572
hiphopheads,hiphopheads,7,3,81.0,0,0.137661,0,3,0.502421,0.507229,12.011785,0.001811
drugsarebeautiful,drugsarebeautiful,6,3,153.0,0,0.128047,0,3,0.48881,0.497189,0.780184,0.003028
Vaping,Vaping,6,3,80.0,0,0.132044,0,3,0.496411,0.50241,1.005963,0.001768
adderall,adderall,6,3,117.0,0,0.128047,0,3,0.48881,0.497189,0.780184,0.002413
microgrowery,microgrowery,6,1,276.0,2,0.132044,0,3,0.496411,0.50241,1.005963,0.005323
cannabiscultivation,cannabiscultivation,6,1,161.0,2,0.119493,0,3,0.5,0.504819,9.220708,0.003306
dxm,dxm,6,3,183.0,0,0.128047,0,3,0.48881,0.497189,0.780184,0.003577
JoeRogan,JoeRogan,6,0,43.0,3,0.119493,0,3,0.5,0.504819,9.220708,0.001153
drugscirclejerk,drugscirclejerk,6,3,125.0,1,0.128047,0,3,0.48881,0.497189,0.780184,0.002546
delta8,delta8,6,3,43.0,0,0.132044,0,3,0.496411,0.50241,1.005963,0.001118
medical_advice,medical_advice,6,2,55.0,1,0.128047,0,3,0.48881,0.497189,0.780184,0.001328
lgbt,lgbt,6,0,37.0,3,0.125187,0,3,0.492289,0.499598,4.89345,0.001039
WTF,WTF,6,3,64.0,1,0.132044,0,3,0.496411,0.50241,1.005963,0.001485
ShroomID,ShroomID,6,0,59.0,3,0.132044,0,3,0.496411,0.50241,1.005963,0.001405
relationship_advice,relationship_advice,6,2,142.0,1,0.132044,0,3,0.496411,0.50241,1.005963,0.00285
oilpen,oilpen,6,3,90.0,1,0.132044,0,3,0.496411,0.50241,1.005963,0.001938
treedibles,treedibles,6,1,77.0,2,0.132044,0,3,0.496411,0.50241,1.005963,0.001722
insomnia,insomnia,6,3,59.0,0,0.128047,0,3,0.48881,0.497189,0.780184,0.001396
CBD,CBD,6,3,76.0,0,0.119493,0,3,0.5,0.504819,9.220708,0.001781
AMA,AMA,6,2,53.0,1,0.128047,0,3,0.48881,0.497189,0.780184,0.001294
mildlyinfuriating,mildlyinfuriating,6,2,74.0,1,0.116501,0,3,0.496411,0.50241,3.640662,0.001668
leaves,leaves,6,3,63.0,0,0.125187,0,3,0.492289,0.499598,4.89345,0.001495
bipolar,bipolar,6,3,63.0,0,0.128047,0,3,0.48881,0.497189,0.780184,0.001468
Stims,Stims,6,3,246.0,0,0.128047,0,3,0.48881,0.497189,0.780184,0.004661
196,196,6,2,62.0,1,0.128047,0,3,0.48881,0.497189,0.780184,0.001453
rap,rap,6,0,52.0,3,0.125187,0,3,0.492289,0.499598,4.89345,0.001321
food,food,6,0,55.0,3,0.132044,0,3,0.496411,0.50241,1.005963,0.001334
conspiracy,conspiracy,6,0,80.0,3,0.125187,0,3,0.492289,0.499598,4.89345,0.001809
depression,depression,6,3,178.0,0,0.128047,0,3,0.48881,0.497189,0.780184,0.003477
listentothis,listentothis,6,0,75.0,3,0.125187,0,3,0.492289,0.499598,4.89345,0.001733
SuicideWatch,SuicideWatch,6,3,89.0,0,0.128047,0,3,0.48881,0.497189,0.780184,0.001918
MushroomGrowers,MushroomGrowers,6,0,70.0,3,0.132044,0,3,0.496411,0.50241,1.005963,0.001601
drawing,drawing,6,0,48.0,3,0.132044,0,3,0.496411,0.50241,1.005963,0.001207
mentalhealth,mentalhealth,6,3,75.0,0,0.128047,0,3,0.48881,0.497189,0.780184,0.00168
darknet,darknet,6,3,135.0,0,0.132044,0,3,0.496411,0.50241,1.005963,0.002723
microdosing,microdosing,6,0,97.0,3,0.132044,0,3,0.496411,0.50241,1.005963,0.002075
Sneakers,Sneakers,6,2,64.0,1,0.132044,0,3,0.496411,0.50241,1.005963,0.001482
SkincareAddiction,SkincareAddiction,6,2,55.0,1,0.132044,0,3,0.496411,0.50241,1.005963,0.001326
Fitness,Fitness,6,2,54.0,1,0.132044,0,3,0.496411,0.50241,1.005963,0.001312
TrueOffMyChest,TrueOffMyChest,6,3,43.0,0,0.132044,0,3,0.496411,0.50241,1.005963,0.001116
explainlikeimfive,explainlikeimfive,6,3,111.0,1,0.132044,0,3,0.496411,0.50241,1.005963,0.002315
pillhead,pillhead,6,3,187.0,0,0.128047,0,3,0.48881,0.497189,0.780184,0.003622
Anxiety,Anxiety,6,3,98.0,0,0.128047,0,3,0.48881,0.497189,0.780184,0.002078
Tinder,Tinder,6,3,57.0,1,0.132044,0,3,0.496411,0.50241,1.005963,0.001361
Jokes,Jokes,6,3,50.0,0,0.132044,0,3,0.496411,0.50241,1.005963,0.00124
whatsthisbug,whatsthisbug,6,1,62.0,2,0.132044,0,3,0.496411,0.50241,1.005963,0.001456
Dabs,Dabs,6,1,66.0,2,0.132044,0,3,0.496411,0.50241,1.005963,0.001526
Nootropics,Nootropics,6,2,99.0,0,0.128047,0,3,0.48881,0.497189,0.780184,0.002106
youtube,youtube,6,3,55.0,0,0.125187,0,3,0.492289,0.499598,4.89345,0.001369
uktrees,uktrees,6,1,54.0,1,0.132044,0,3,0.496411,0.50241,1.005963,0.001309
travel,travel,6,0,49.0,3,0.119493,0,3,0.5,0.504819,9.220708,0.001258
askdrugs,askdrugs,6,3,117.0,0,0.128047,0,3,0.48881,0.497189,0.780184,0.002411
sex,sex,6,2,80.0,1,0.128047,0,3,0.48881,0.497189,0.780184,0.001761
Marijuana,Marijuana,6,0,93.0,3,0.125187,0,3,0.492289,0.499598,4.89345,0.002189
teenagers,teenagers,6,2,91.0,1,0.128047,0,3,0.48881,0.497189,0.780184,0.001964
Acid,Acid,5,0,106.0,3,0.11957,0,3,0.486518,0.494779,0,0.00223
fakecartridges,fakecartridges,5,3,39.0,1,0.107608,0,3,0.492289,0.498795,1.005963,0.001038
pokemongo,pokemongo,5,0,37.0,1,0.105178,0,3,0.491706,0.498394,1.005963,0.00101
suboxone,suboxone,5,3,131.0,0,0.10361,0,3,0.483683,0.492771,0.309347,0.002658
electronic_cigarette,electronic_cigarette,5,3,68.0,0,0.11957,0,3,0.486518,0.494779,0,0.001554
copypasta,copypasta,5,2,32.0,1,0.104027,0,3,0.486518,0.494779,0.780184,0.000925
FortNiteBR,FortNiteBR,5,2,39.0,1,0.109879,0,3,0.485948,0.494378,0.470838,0.001052
WeAreTheMusicMakers,WeAreTheMusicMakers,5,0,48.0,3,0.11957,0,3,0.486518,0.494779,0,0.001206
FreeKarma4U,FreeKarma4U,5,3,47.0,0,0.11957,0,3,0.486518,0.494779,0,0.001182
audiophile,audiophile,5,2,38.0,1,0.11957,0,3,0.486518,0.494779,0,0.001026
movies,movies,5,3,51.0,0,0.11957,0,3,0.486518,0.494779,0,0.001252
NoFap,NoFap,5,2,68.0,1,0.11957,0,3,0.486518,0.494779,0,0.001554
dogs,dogs,5,3,39.0,0,0.108024,0,3,0.494048,0.5,1.005963,0.001049
dankmemes,dankmemes,5,2,50.0,1,0.098332,0,3,0.492874,0.499197,2.325352,0.001251
pcgaming,pcgaming,5,0,30.0,3,0.113876,0,3,0.49346,0.499598,0,0.000894
Dreams,Dreams,5,2,54.0,1,0.109879,0,3,0.485948,0.494378,0.470838,0.001316
piercing,piercing,5,3,51.0,0,0.11957,0,3,0.486518,0.494779,0,0.001255
drugmemes,drugmemes,5,2,48.0,1,0.11957,0,3,0.486518,0.494779,0,0.001201
spiders,spiders,5,1,31.0,2,0.113876,0,3,0.49346,0.499598,0,0.000911
Monero,Monero,5,3,37.0,0,0.11957,0,3,0.486518,0.494779,0,0.001009
alcohol,alcohol,5,3,49.0,0,0.11957,0,3,0.486518,0.494779,0,0.001216
MechanicAdvice,MechanicAdvice,5,2,47.0,1,0.113876,0,3,0.49346,0.499598,0,0.001194
tifu,tifu,5,3,47.0,0,0.11957,0,3,0.486518,0.494779,0,0.001185
IllegalLifeProTips,IllegalLifeProTips,5,3,45.0,0,0.11957,0,3,0.486518,0.494779,0,0.001151
xboxone,xboxone,5,3,38.0,0,0.101968,0,3,0.487662,0.495582,0.780184,0.00103
Art,Art,5,0,76.0,3,0.11957,0,3,0.486518,0.494779,0,0.001701
relationships,relationships,5,3,72.0,1,0.11957,0,3,0.486518,0.494779,0,0.001623
FashionReps,FashionReps,5,2,47.0,1,0.107608,0,3,0.492289,0.498795,1.005963,0.001182
todayilearned,todayilearned,5,0,46.0,3,0.108024,0,3,0.494048,0.5,1.005963,0.001176
Guitar,Guitar,5,0,48.0,3,0.11957,0,3,0.486518,0.494779,0,0.001208
vaporents,vaporents,5,1,71.0,2,0.113876,0,3,0.49346,0.499598,0,0.001627
leagueoflegends,leagueoflegends,5,2,59.0,1,0.113876,0,3,0.49346,0.499598,0,0.001406
GrowingMarijuana,GrowingMarijuana,5,1,120.0,2,0.105178,0,3,0.491706,0.498394,1.005963,0.002512
offmychest,offmychest,5,2,66.0,1,0.11957,0,3,0.486518,0.494779,0,0.001514
dogecoin,dogecoin,5,1,43.0,1,0.105178,0,3,0.491706,0.498394,1.005963,0.001114
FoodPorn,FoodPorn,5,0,35.0,3,0.11957,0,3,0.486518,0.494779,0,0.000975
shroomers,shroomers,5,0,51.0,3,0.113876,0,3,0.49346,0.499598,0,0.00127
antiwork,antiwork,5,3,38.0,3,0.11957,0,3,0.486518,0.494779,0,0.001027
DunderMifflin,DunderMifflin,5,2,37.0,1,0.109879,0,3,0.485948,0.494378,0.470838,0.001017
mycology,mycology,5,0,78.0,3,0.113876,0,3,0.49346,0.499598,0,0.001751
addiction,addiction,5,3,72.0,0,0.11957,0,3,0.486518,0.494779,0,0.001625
news,news,5,3,43.0,3,0.087562,0,3,0.497006,0.502008,8.903448,0.001176
pokemon,pokemon,5,2,46.0,1,0.109879,0,3,0.485948,0.494378,0.470838,0.001175
2cb,2cb,5,2,107.0,1,0.11957,0,3,0.486518,0.494779,0,0.002238
tattoos,tattoos,5,0,44.0,3,0.11957,0,3,0.486518,0.494779,0,0.001133
ReagentTesting,ReagentTesting,5,2,78.0,1,0.11957,0,3,0.486518,0.494779,0,0.001729
apexlegends,apexlegends,5,3,34.0,0,0.113876,0,3,0.49346,0.499598,0,0.000963
playboicarti,playboicarti,5,3,43.0,1,0.11957,0,3,0.486518,0.494779,0,0.001111
modernwarfare,modernwarfare,5,3,42.0,1,0.108024,0,3,0.494048,0.5,1.005963,0.0011
phenibut,phenibut,5,3,62.0,0,0.10361,0,3,0.483683,0.492771,0.309347,0.001445
PS4,PS4,5,3,52.0,0,0.11957,0,3,0.486518,0.494779,0,0.001272
vegan,vegan,5,0,38.0,3,0.113876,0,3,0.49346,0.499598,0,0.001037
drugtesthelp,drugtesthelp,5,3,58.0,0,0.10361,0,3,0.483683,0.492771,0.309347,0.001373
shittyfoodporn,shittyfoodporn,5,2,30.0,1,0.098332,0,3,0.492874,0.499197,2.325352,0.000896
lean,lean,5,3,170.0,0,0.11957,0,3,0.486518,0.494779,0,0.003317
meth,meth,5,3,97.0,1,0.11957,0,3,0.486518,0.494779,0,0.002048
whatsthisplant,whatsthisplant,5,1,47.0,2,0.113876,0,3,0.49346,0.499598,0,0.001198
makinghiphop,makinghiphop,4,0,22.0,3,0.101402,0,3,0.483683,0.491968,0,0.00075
sanpedrocactus,sanpedrocactus,4,0,36.0,3,0.08701,0,3,0.488235,0.495181,0,0.001003
AskMen,AskMen,4,0,39.0,3,0.09555,0,3,0.484247,0.492369,0,0.001045
investing,investing,4,2,30.0,1,0.101402,0,3,0.483683,0.491968,0,0.000891
me_irl,me_irl,4,2,35.0,1,0.085858,0,3,0.48312,0.491566,0.470838,0.000982
dissociatives,dissociatives,4,2,28.0,0,0.101402,0,3,0.483683,0.491968,0,0.000855
help,help,4,0,31.0,0,0.101402,0,3,0.483683,0.491968,0,0.000911
Kanye,Kanye,4,2,29.0,1,0.095134,0,3,0.481439,0.490361,0,0.000864
jobs,jobs,4,3,40.0,0,0.101402,0,3,0.483683,0.491968,0,0.001067
aves,aves,4,2,61.0,1,0.09555,0,3,0.484247,0.492369,0,0.001432
itookapicture,itookapicture,4,0,31.0,3,0.08701,0,3,0.488235,0.495181,0,0.000914
juul,juul,4,2,27.0,1,0.101402,0,3,0.483683,0.491968,0,0.000837
Coronavirus,Coronavirus,4,0,27.0,3,0.08094,0,3,0.486518,0.493976,1.639723,0.000883
Repsneakers,Repsneakers,4,3,32.0,1,0.083587,0,3,0.489965,0.496386,1.005963,0.000918
CircleofTrust,CircleofTrust,4,3,33.0,0,0.089439,0,3,0.489387,0.495984,0,0.000945
AskWomen,AskWomen,4,2,30.0,1,0.09555,0,3,0.484247,0.492369,0,0.000889
fentanyl,fentanyl,4,3,69.0,0,0.095134,0,3,0.481439,0.490361,0,0.001566
bodybuilding,bodybuilding,4,3,27.0,1,0.095134,0,3,0.481439,0.490361,0,0.000829
BPD,BPD,4,3,41.0,1,0.095134,0,3,0.481439,0.490361,0,0.001073
Mushrooms,Mushrooms,4,0,37.0,3,0.101402,0,3,0.483683,0.491968,0,0.00102
gabagoodness,gabagoodness,4,3,62.0,0,0.095134,0,3,0.481439,0.490361,0,0.001441
CallOfDuty,CallOfDuty,4,2,23.0,0,0.101402,0,3,0.483683,0.491968,0,0.000767
Rainbow6,Rainbow6,4,2,25.0,1,0.089856,0,3,0.490544,0.496787,0,0.000806
Cooking,Cooking,4,3,26.0,0,0.101402,0,3,0.483683,0.491968,0,0.00082
raisedbynarcissists,raisedbynarcissists,4,3,26.0,0,0.095134,0,3,0.481439,0.490361,0,0.000813
Scams,Scams,4,2,26.0,1,0.095134,0,3,0.481439,0.490361,0,0.000813
streetwear,streetwear,4,2,39.0,1,0.095134,0,3,0.481439,0.490361,0,0.00104
LifeProTips,LifeProTips,4,3,36.0,0,0.09555,0,3,0.484247,0.492369,0,0.000995
MadeMeSmile,MadeMeSmile,4,0,26.0,3,0.09555,0,3,0.484247,0.492369,0,0.000819
benzorecovery,benzorecovery,4,3,81.0,0,0.095134,0,3,0.481439,0.490361,0,0.001769
Piracy,Piracy,4,3,22.0,1,0.095134,0,3,0.481439,0.490361,0,0.000743
photography,photography,4,0,29.0,3,0.074301,0,3,0.480324,0.489558,3.253726,0.000899
cracksmokers,cracksmokers,4,3,31.0,1,0.095134,0,3,0.481439,0.490361,0,0.000897
gtaonline,gtaonline,4,2,25.0,1,0.101402,0,3,0.483683,0.491968,0,0.000801
speed,speed,4,3,45.0,1,0.095134,0,3,0.481439,0.490361,0,0.001141
highdeas,highdeas,4,0,28.0,3,0.09555,0,3,0.484247,0.492369,0,0.000853
skyrim,skyrim,4,3,26.0,0,0.0838,0,3,0.484247,0.492369,0.470838,0.000823
TooAfraidToAsk,TooAfraidToAsk,4,0,38.0,0,0.101402,0,3,0.483683,0.491968,0,0.001033
worldnews,worldnews,4,0,29.0,3,0.082998,0,3,0.487089,0.494378,1.468613,0.000919
RoastMe,RoastMe,4,3,24.0,1,0.092704,0,3,0.481998,0.490763,0,0.000777
cars,cars,4,0,34.0,3,0.09555,0,3,0.484247,0.492369,0,0.00096
stopsmoking,stopsmoking,4,3,28.0,0,0.101402,0,3,0.483683,0.491968,0,0.000855
Meditation,Meditation,4,0,50.0,3,0.082998,0,3,0.487089,0.494378,1.468613,0.001292
LSA,LSA,4,0,32.0,3,0.101402,0,3,0.483683,0.491968,0,0.000929
StonerEngineering,StonerEngineering,4,1,30.0,2,0.089856,0,3,0.490544,0.496787,0,0.000896
DPH,DPH,4,3,49.0,0,0.095134,0,3,0.481439,0.490361,0,0.001215
wow,wow,4,2,26.0,1,0.101402,0,3,0.483683,0.491968,0,0.000819
confession,confession,4,3,30.0,0,0.095134,0,3,0.481439,0.490361,0,0.000884
stopdrinking,stopdrinking,4,3,31.0,0,0.081529,0,3,0.486518,0.493976,1.005963,0.000902
quittingkratom,quittingkratom,4,3,55.0,0,0.101402,0,3,0.483683,0.491968,0,0.001329
iphone,iphone,4,3,45.0,0,0.101402,0,3,0.483683,0.491968,0,0.001153
drunk,drunk,4,3,38.0,0,0.095134,0,3,0.481439,0.490361,0,0.001021
CasualConversation,CasualConversation,4,3,28.0,1,0.095134,0,3,0.481439,0.490361,0,0.000847
sarmssourcetalk,sarmssourcetalk,4,3,26.0,1,0.095134,0,3,0.481439,0.490361,0,0.000812
PewdiepieSubmissions,PewdiepieSubmissions,4,2,37.0,1,0.083012,0,3,0.480881,0.48996,0.470838,0.001015
pharmacy,pharmacy,4,3,29.0,0,0.08094,0,3,0.486518,0.493976,1.639723,0.0009
druggardening,druggardening,4,0,35.0,3,0.087797,0,3,0.489965,0.496386,0,0.000984
NintendoSwitch,NintendoSwitch,4,2,32.0,1,0.08701,0,3,0.488235,0.495181,0,0.000926
computers,computers,4,3,31.0,0,0.095134,0,3,0.481439,0.490361,0,0.000901
spotify,spotify,4,2,29.0,1,0.09555,0,3,0.484247,0.492369,0,0.00087
TripSit,TripSit,4,0,40.0,3,0.101402,0,3,0.483683,0.491968,0,0.00107
musicproduction,musicproduction,4,0,34.0,3,0.101402,0,3,0.483683,0.491968,0,0.000963
Overwatch,Overwatch,4,3,28.0,0,0.09555,0,3,0.484247,0.492369,0,0.000853
Eldenring,Eldenring,4,0,28.0,3,0.08701,0,3,0.488235,0.495181,0,0.00086
interestingasfuck,interestingasfuck,4,3,39.0,3,0.081945,0,3,0.491124,0.497189,1.005963,0.00105
socialanxiety,socialanxiety,4,0,34.0,3,0.101402,0,3,0.483683,0.491968,0,0.000963
tripreports,tripreports,4,0,27.0,3,0.101402,0,3,0.483683,0.491968,0,0.000839
OpiatesRecovery,OpiatesRecovery,4,3,126.0,0,0.095134,0,3,0.481439,0.490361,0,0.002576
Christianity,Christianity,4,3,30.0,0,0.09555,0,3,0.484247,0.492369,0,0.000888
Cigarettes,Cigarettes,4,3,54.0,0,0.095134,0,3,0.481439,0.490361,0,0.001299
RocketLeague,RocketLeague,4,1,36.0,1,0.081158,0,3,0.483683,0.491968,1.005963,0.000996
intermittentfasting,intermittentfasting,4,2,21.0,1,0.101402,0,3,0.483683,0.491968,0,0.000731
Buddhism,Buddhism,4,0,30.0,3,0.09555,0,3,0.484247,0.492369,0,0.000891
oddlysatisfying,oddlysatisfying,4,1,34.0,2,0.089856,0,3,0.490544,0.496787,0,0.000967
2007scape,2007scape,4,3,24.0,0,0.101402,0,3,0.483683,0.491968,0,0.000784
keto,keto,4,0,29.0,3,0.101402,0,3,0.483683,0.491968,0,0.000874
Hair,Hair,4,3,25.0,0,0.101402,0,3,0.483683,0.491968,0,0.000801
apple,apple,4,3,36.0,0,0.095134,0,3,0.481439,0.490361,0,0.000987
playstation,playstation,4,3,34.0,0,0.101402,0,3,0.483683,0.491968,0,0.000962
spirituality,spirituality,4,0,41.0,3,0.09555,0,3,0.484247,0.492369,0,0.001089
Supplements,Supplements,4,3,42.0,0,0.101402,0,3,0.483683,0.491968,0,0.0011
Dentistry,Dentistry,4,3,25.0,1,0.095134,0,3,0.481439,0.490361,0,0.000794
medical,medical,4,3,40.0,0,0.101402,0,3,0.483683,0.491968,0,0.001067
PsilocybinMushrooms,PsilocybinMushrooms,4,0,70.0,3,0.101402,0,3,0.483683,0.491968,0,0.001608
anime,anime,4,0,30.0,0,0.101402,0,3,0.483683,0.491968,0,0.000891
heroin,heroin,4,3,147.0,0,0.095134,0,3,0.481439,0.490361,0,0.002926
OCPoetry,OCPoetry,3,3,16.0,0,0.075323,0,3,0.480324,0.488755,0,0.000644
sleep,sleep,3,2,23.0,1,0.074536,0,3,0.478111,0.487149,0,0.000767
sadboys,sadboys,3,2,21.0,1,0.068268,0,4,0.467869,0.481325,0,0.000724
liluzivert,liluzivert,3,2,20.0,1,0.068684,0,3,0.474286,0.484337,0,0.00071
LucidDreaming,LucidDreaming,3,0,33.0,3,0.077382,0,3,0.480881,0.489157,0,0.000948
Paranormal,Paranormal,3,3,23.0,0,0.075323,0,3,0.480324,0.488755,0,0.000767
weedbiz,weedbiz,3,0,17.0,3,0.042528,0,4,0.453057,0.468474,6.112372,0.000703
gardening,gardening,3,1,51.0,2,0.063777,0,3,0.48538,0.492369,0,0.001279
HPPD,HPPD,3,0,27.0,3,0.074536,0,3,0.478111,0.487149,0,0.000838
painting,painting,3,0,24.0,3,0.075323,0,3,0.480324,0.488755,0,0.000786
stocks,stocks,3,0,23.0,3,0.05692,0,3,0.481439,0.489558,0,0.000804
hiphop,hiphop,3,0,17.0,3,0.05692,0,3,0.481439,0.489558,0,0.000696
xbox,xbox,3,2,22.0,1,0.076965,1,3,0.478662,0.48755,0,0.000746
DIY,DIY,3,0,21.0,3,0.077382,0,3,0.480881,0.489157,0,0.000734
Assistance,Assistance,3,3,20.0,0,0.069055,0,3,0.475372,0.485141,0,0.000709
Android,Android,3,2,25.0,1,0.077382,0,3,0.480881,0.489157,0,0.000803
atheism,atheism,3,0,26.0,3,0.077382,0,3,0.480881,0.489157,0,0.000824
Physics,Physics,3,0,19.0,3,0.077382,0,3,0.480881,0.489157,0,0.000699
HeadphoneAdvice,HeadphoneAdvice,3,3,16.0,0,0.076965,1,3,0.478662,0.48755,0,0.000641
CoinBase,CoinBase,3,3,20.0,0,0.076965,1,3,0.478662,0.48755,0,0.000712
StackAdvice,StackAdvice,3,3,27.0,0,0.076965,1,3,0.478662,0.48755,0,0.000834
tea,tea,3,0,17.0,0,0.075323,0,3,0.480324,0.488755,0,0.000662
meme,meme,3,2,16.0,1,0.058992,0,3,0.467342,0.479116,0.470838,0.000646
gratefuldead,gratefuldead,3,0,23.0,0,0.075323,0,3,0.480324,0.488755,0,0.000768
XXXTENTACION,XXXTENTACION,3,3,19.0,0,0.076965,1,3,0.478662,0.48755,0,0.000694
Anxietyhelp,Anxietyhelp,3,3,21.0,0,0.075323,0,3,0.480324,0.488755,0,0.000732
ArtOfRolling,ArtOfRolling,3,1,25.0,2,0.065419,0,3,0.485948,0.492771,0,0.000807
trippy,trippy,3,0,48.0,3,0.056132,0,3,0.471056,0.481928,1.468613,0.001252
pressies,pressies,3,3,32.0,0,0.069055,0,3,0.475372,0.485141,0,0.000915
occult,occult,3,0,21.0,3,0.077382,0,3,0.480881,0.489157,0,0.000735
trashy,trashy,3,3,27.0,0,0.077382,0,3,0.480881,0.489157,0,0.000839
G59,G59,3,3,23.0,0,0.069055,0,3,0.475372,0.485141,0,0.00076
FL_Studio,FL_Studio,3,0,22.0,3,0.077382,0,3,0.480881,0.489157,0,0.000753
DestinyTheGame,DestinyTheGame,3,2,19.0,1,0.077382,0,3,0.480881,0.489157,0,0.000697
1P_LSD,1P_LSD,3,0,24.0,3,0.074536,0,3,0.478111,0.487149,0,0.000786
philosophy,philosophy,3,0,27.0,3,0.077382,0,3,0.480881,0.489157,0,0.000842
dating_advice,dating_advice,3,2,30.0,1,0.077382,0,3,0.480881,0.489157,0,0.000892
Psychosis,Psychosis,3,3,17.0,0,0.075323,0,3,0.480324,0.488755,0,0.000661
LilPeep,LilPeep,3,3,24.0,0,0.076965,1,3,0.478662,0.48755,0,0.000782
drugcirclejerk,drugcirclejerk,3,3,19.0,0,0.076965,1,3,0.478662,0.48755,0,0.000694
Crystals,Crystals,3,0,16.0,3,0.077382,0,3,0.480881,0.489157,0,0.000645
circlejerk,circlejerk,3,2,19.0,1,0.076965,1,3,0.478662,0.48755,0,0.000694
guns,guns,3,3,20.0,0,0.066625,0,3,0.47756,0.486747,0,0.00071
okbuddyretard,okbuddyretard,3,2,15.0,1,0.058576,0,4,0.465769,0.479719,0,0.000625
chemistry,chemistry,3,0,22.0,0,0.077382,0,3,0.480881,0.489157,0,0.000752
AstralProjection,AstralProjection,3,0,28.0,3,0.077382,0,3,0.480881,0.489157,0,0.000862
cursedimages,cursedimages,3,2,19.0,1,0.058992,0,3,0.467342,0.479116,0.470838,0.000698
modafinil,modafinil,3,3,15.0,0,0.076965,1,3,0.478662,0.48755,0,0.000624
ptsd,ptsd,3,3,15.0,0,0.074536,0,3,0.478111,0.487149,0,0.000625
DecidingToBeBetter,DecidingToBeBetter,3,0,21.0,3,0.077382,0,3,0.480881,0.489157,0,0.000735
Filmmakers,Filmmakers,3,0,16.0,3,0.056132,0,3,0.471056,0.481928,1.468613,0.000672
psychedelicrock,psychedelicrock,3,0,28.0,3,0.068684,0,3,0.474286,0.484337,0,0.000856
Kava,Kava,3,3,23.0,0,0.075323,0,3,0.480324,0.488755,0,0.000766
discordapp,discordapp,3,2,18.0,1,0.076965,0,3,0.478662,0.48755,0,0.000676
HomeImprovement,HomeImprovement,3,3,18.0,0,0.074536,0,3,0.478111,0.487149,0,0.000678
Methadone,Methadone,3,3,67.0,0,0.069055,0,3,0.475372,0.485141,0,0.00153
woahdude,woahdude,3,0,35.0,3,0.077382,0,3,0.480881,0.489157,0,0.000984
Psychic,Psychic,3,0,20.0,3,0.077382,0,3,0.480881,0.489157,0,0.000717
Drugtests,Drugtests,3,3,17.0,0,0.069055,0,3,0.475372,0.485141,0,0.000656
thatHappened,thatHappened,3,2,22.0,0,0.076965,0,3,0.478662,0.48755,0,0.000747
sporetraders,sporetraders,3,0,22.0,3,0.074536,0,3,0.478111,0.487149,0,0.000751
RationalPsychonaut,RationalPsychonaut,3,0,38.0,3,0.077382,0,3,0.480881,0.489157,0,0.00104
cringe,cringe,3,3,19.0,0,0.075323,0,3,0.480324,0.488755,0,0.000697
jailbreak,jailbreak,3,2,19.0,0,0.077382,0,3,0.480881,0.489157,0,0.000698
onions,onions,3,3,22.0,0,0.076965,0,3,0.478662,0.48755,0,0.000746
unclebens,unclebens,3,0,35.0,3,0.062989,0,3,0.474828,0.484739,0,0.000989
technology,technology,3,0,17.0,3,0.058562,0,3,0.481439,0.489558,1.468613,0.000693
GlobalOffensive,GlobalOffensive,3,2,25.0,1,0.077382,0,3,0.480881,0.489157,0,0.000803
lawofattraction,lawofattraction,3,2,21.0,1,0.077382,0,3,0.480881,0.489157,0,0.000734
applehelp,applehelp,3,0,19.0,3,0.074536,0,3,0.478111,0.487149,0,0.000696
MagicMushrooms,MagicMushrooms,3,0,40.0,3,0.074536,0,3,0.478111,0.487149,0,0.00107
pillsporn,pillsporn,3,3,44.0,0,0.069055,0,3,0.475372,0.485141,0,0.001123
Watches,Watches,3,2,17.0,1,0.052724,0,4,0.454048,0.470482,0.309347,0.000657
Monitors,Monitors,3,3,17.0,0,0.076965,0,3,0.478662,0.48755,0,0.000659
AskElectronics,AskElectronics,3,2,18.0,1,0.065419,0,3,0.485948,0.492771,0,0.00068
Salvia,Salvia,3,0,42.0,3,0.074536,0,3,0.478111,0.487149,0,0.001106
ask,ask,3,0,22.0,0,0.075323,0,3,0.480324,0.488755,0,0.000751
AskDrugNerds,AskDrugNerds,3,3,38.0,0,0.075323,0,3,0.480324,0.488755,0,0.001031
translator,translator,3,2,18.0,1,0.077382,0,3,0.480881,0.489157,0,0.00068
careerguidance,careerguidance,3,0,16.0,0,0.077382,0,3,0.480881,0.489157,0,0.000645
electronicmusic,electronicmusic,3,0,32.0,3,0.077382,0,3,0.480881,0.489157,0,0.00093
nba,nba,3,3,19.0,0,0.077382,0,3,0.480881,0.489157,0,0.000698
giftcardexchange,giftcardexchange,3,3,20.0,0,0.075323,0,3,0.480324,0.488755,0,0.000715
Dynavap,Dynavap,3,1,23.0,2,0.060931,0,3,0.484247,0.491566,0,0.000772
Metal,Metal,3,3,18.0,0,0.075323,0,3,0.480324,0.488755,0,0.000679
books,books,3,0,25.0,3,0.077382,0,3,0.480881,0.489157,0,0.000806
marijuanaenthusiasts,marijuanaenthusiasts,3,0,23.0,3,0.042528,0,4,0.453057,0.468474,6.112372,0.000817
headphones,headphones,3,3,33.0,0,0.076965,0,3,0.478662,0.48755,0,0.000939
BreakUps,BreakUps,3,2,27.0,1,0.068268,0,4,0.467869,0.481325,0,0.000827
succulents,succulents,3,1,19.0,2,0.065419,0,3,0.485948,0.492771,0,0.000699
borrow,borrow,3,3,39.0,0,0.069055,0,3,0.475372,0.485141,0,0.001042
Aquariums,Aquariums,3,1,25.0,2,0.063777,0,3,0.48538,0.492369,0,0.00081
cactus,cactus,3,1,15.0,2,0.062573,0,4,0.476464,0.487751,0,0.000625
ObscureDrugs,ObscureDrugs,3,3,26.0,0,0.069055,0,3,0.475372,0.485141,0,0.000813
tooktoomuch,tooktoomuch,3,3,17.0,0,0.074536,0,3,0.478111,0.487149,0,0.00066
politics,politics,3,0,25.0,3,0.05692,0,3,0.481439,0.489558,0,0.000855
NitrousOxide,NitrousOxide,3,3,15.0,0,0.076965,0,3,0.478662,0.48755,0,0.000624
csgo,csgo,3,2,22.0,1,0.074536,0,3,0.478111,0.487149,0,0.000749
EarthPorn,EarthPorn,3,2,20.0,1,0.077382,1,3,0.480881,0.489157,0,0.000716
schizophrenia,schizophrenia,3,2,23.0,1,0.074536,0,3,0.478111,0.487149,0,0.000766
CODWarzone,CODWarzone,3,1,17.0,2,0.063777,0,3,0.48538,0.492369,0,0.000666
rosin,rosin,3,1,36.0,2,0.060931,0,3,0.484247,0.491566,0,0.001006
saplings,saplings,3,0,15.0,0,0.077382,0,3,0.480881,0.489157,0,0.000627
alcoholism,alcoholism,3,3,18.0,0,0.069055,0,3,0.475372,0.485141,0,0.000673
science,science,3,0,16.0,3,0.056132,0,3,0.471056,0.481928,1.468613,0.000672
electricians,electricians,3,3,15.0,1,0.057509,0,3,0.476464,0.485944,1.005963,0.000624
ResearchChemicalsNL,ResearchChemicalsNL,2,3,12.0,0,0.050887,0,3,0.469457,0.47992,0,0.000571
softwaregore,softwaregore,2,2,14.0,1,0.034555,0,4,0.44385,0.461245,0,0.00061
niceguys,niceguys,2,2,10.0,0,0.035343,0,3,0.458057,0.471084,0,0.000539
Health,Health,2,0,12.0,3,0.032483,0,3,0.461111,0.473494,0,0.000606
KratomKorner,KratomKorner,2,3,16.0,0,0.050887,0,3,0.469457,0.47992,0,0.000642
ChronicPain,ChronicPain,2,3,26.0,0,0.050887,0,3,0.469457,0.47992,0,0.00082
420,420,2,0,13.0,1,0.023785,0,4,0.400579,0.422691,1.785113,0.000617
Tianeptine,Tianeptine,2,3,13.0,0,0.050887,0,3,0.469457,0.47992,0,0.000589
Opioid_RCs,Opioid_RCs,2,3,25.0,0,0.050887,0,3,0.469457,0.47992,0,0.0008
pregabalin,pregabalin,2,3,17.0,0,0.050887,0,3,0.469457,0.47992,0,0.000658
AskAstrologers,AskAstrologers,2,0,10.0,3,0.050515,0,3,0.464726,0.476305,0,0.000539
PanicAttack,PanicAttack,2,3,13.0,0,0.050887,0,3,0.469457,0.47992,0,0.000588
quittingphenibut,quittingphenibut,2,3,13.0,0,0.050887,0,3,0.469457,0.47992,0,0.000588
gonewild,gonewild,2,3,14.0,1,0.044247,0,4,0.451087,0.467269,0,0.0006
Kratomm,Kratomm,2,3,12.0,0,0.050887,0,3,0.469457,0.47992,0,0.000571
PillPoppers,PillPoppers,2,3,20.0,0,0.042189,0,4,0.442431,0.46004,0,0.000704
selfhelp,selfhelp,2,0,10.0,0,0.051303,0,3,0.475372,0.484337,0,0.000539
NarcoticsAnonymous,NarcoticsAnonymous,2,3,14.0,0,0.045035,0,3,0.462138,0.474297,0,0.000604
youngpeopleyoutube,youngpeopleyoutube,2,2,14.0,1,0.034555,0,4,0.44385,0.461245,0,0.00061
homebrewlean,homebrewlean,2,3,14.0,0,0.050887,0,3,0.469457,0.47992,0,0.000606
MrRobot,MrRobot,1,2,5.0,1,0.026079,1,4,0.440552,0.457631,0,0.000448
CanadianMOMs,CanadianMOMs,1,1,6.0,2,0.012474,0,4,0.368234,0.384739,0,0.000469
ThatsInsane,ThatsInsane,1,0,5.0,3,0.024437,0,4,0.4341,0.450803,0,0.000451
somethingimade,somethingimade,1,0,5.0,3,0.024437,0,4,0.4341,0.450803,0,0.000451
bipolar2,bipolar2,1,3,6.0,0,0.02402,0,4,0.427394,0.445984,0,0.000465
FuckingTweakers,FuckingTweakers,1,3,5.0,1,0.018168,0,4,0.386406,0.408434,0,0.000445
westworld,westworld,1,3,5.0,0,0.026866,0,3,0.452563,0.465863,0,0.000449
PsilocybinTherapy,PsilocybinTherapy,1,0,6.0,3,0.024437,0,4,0.4341,0.450803,0,0.000469
ContamFam,ContamFam,1,1,6.0,2,0.012474,0,4,0.368234,0.384739,0,0.000469
environment,environment,1,0,9.0,3,0.005617,0,4,0.340443,0.351606,0,0.000569
macrogrowery,macrogrowery,1,1,10.0,2,0.012474,0,4,0.368234,0.384739,0,0.000541
hash,hash,1,1,5.0,2,0.012474,0,4,0.368234,0.384739,0,0.000451
SpotifyPlaylists,SpotifyPlaylists,1,0,5.0,3,0.024437,0,4,0.4341,0.450803,0,0.000451
NoTillGrowery,NoTillGrowery,1,1,9.0,2,0.012474,0,4,0.368234,0.384739,0,0.000523
cursedcomments,cursedcomments,1,2,5.0,1,0.008477,0,4,0.345545,0.359237,0,0.00045
sports,sports,1,0,6.0,3,0.005617,0,4,0.340443,0.351606,0,0.000499
phoenix,phoenix,1,3,5.0,0,0.026866,0,3,0.452563,0.465863,0,0.000449
COVID19,COVID19,1,0,6.0,3,0.005617,0,4,0.340443,0.351606,0,0.000499
ILTrees,ILTrees,1,1,8.0,2,0.012474,0,4,0.368234,0.384739,0,0.000505
pcgamingtechsupport,pcgamingtechsupport,1,1,6.0,2,0.012474,0,4,0.368234,0.384739,0,0.000469
MOMpics,MOMpics,1,1,7.0,2,0.012474,0,4,0.368234,0.384739,0,0.000487
india,india,1,0,7.0,3,0.005617,0,4,0.340443,0.351606,0,0.000523
QuittingTianeptine,QuittingTianeptine,1,3,5.0,0,0.02402,0,4,0.427394,0.445984,0,0.000447
marshydrogrowers,marshydrogrowers,1,1,19.0,2,0.012474,0,4,0.368234,0.384739,0,0.000704
Nicotine,Nicotine,1,0,5.0,3,0.024437,0,4,0.4341,0.450803,0,0.000451
weedgrower,weedgrower,1,1,10.0,2,0.012474,0,4,0.368234,0.384739,0,0.000541
Ibogaine,Ibogaine,1,3,5.0,0,0.026866,0,3,0.452563,0.465863,0,0.000449
PlantIdentification,PlantIdentification,1,1,5.0,2,0.012474,0,4,0.368234,0.384739,0,0.000451
hemp,hemp,1,0,6.0,3,0.005617,0,4,0.340443,0.351606,0,0.000499
puffco,puffco,1,1,5.0,2,0.012474,0,4,0.368234,0.384739,0,0.000451
weedstocks,weedstocks,1,0,11.0,3,0.005617,0,4,0.340443,0.351606,0,0.000615
CannabisGrowers,CannabisGrowers,1,1,28.0,2,0.012474,0,4,0.368234,0.384739,0,0.000866
Atlanta,Atlanta,1,3,5.0,1,0.018168,0,4,0.386406,0.408434,0,0.000445
MephHeads,MephHeads,1,1,118.0,2,0.012474,0,4,0.368234,0.384739,0,0.002493
benzopiate,benzopiate,1,3,8.0,0,0.02402,0,4,0.427394,0.445984,0,0.000499
Cannabis_Culture,Cannabis_Culture,1,0,10.0,3,0.005617,0,4,0.340443,0.351606,0,0.000592
ForzaHorizon,ForzaHorizon,1,3,5.0,1,0.018168,0,4,0.386406,0.408434,0,0.000445
cakeday,cakeday,1,2,6.0,1,0.008477,0,4,0.345545,0.359237,0,0.000468
spiritual,spiritual,1,0,5.0,3,0.024437,0,4,0.4341,0.450803,0,0.000451
rupaulsdragrace,rupaulsdragrace,1,3,6.0,0,0.026866,0,3,0.452563,0.465863,0,0.000467
Ghosts,Ghosts,1,3,5.0,0,0.026866,0,3,0.452563,0.465863,0,0.000449
canadients,canadients,1,1,7.0,2,0.012474,0,4,0.368234,0.384739,0,0.000487
business,business,1,0,6.0,3,0.005617,0,4,0.340443,0.351606,0,0.000499
cbdinfo,cbdinfo,1,0,5.0,3,0.005617,0,4,0.340443,0.351606,0,0.000476
shitposting,shitposting,1,2,6.0,1,0.008477,0,4,0.345545,0.359237,0,0.000468
theydidthemath,theydidthemath,1,1,5.0,2,0.012474,0,4,0.368234,0.384739,0,0.000451
